--adding data step 1
INSERT INTO DEPARTMENT (DEPTNO, DEPTNAME, MGRNO, ADMRDEPT, LOCATION) VALUES('A00', 'SPIFFY COMPUTER SERVICE DIV.', '000010', 'A00', NULL);
INSERT INTO DEPARTMENT (DEPTNO, DEPTNAME, MGRNO, ADMRDEPT, LOCATION) VALUES('E01', 'SUPPORT SERVICES', '000050', 'A00', NULL);
INSERT INTO DEPARTMENT (DEPTNO, DEPTNAME, MGRNO, ADMRDEPT, LOCATION) VALUES('E21', 'SOFTWARE SUPPORT', '000100', 'E01', NULL);
INSERT INTO DEPARTMENT (DEPTNO, DEPTNAME, MGRNO, ADMRDEPT, LOCATION) VALUES('F22', 'BRANCH OFFICE F2', '000030', 'E01', NULL);
INSERT INTO DEPARTMENT (DEPTNO, DEPTNAME, MGRNO, ADMRDEPT, LOCATION) VALUES('G22', 'BRANCH OFFICE G2', '000020', 'E01', NULL);
INSERT INTO DEPARTMENT (DEPTNO, DEPTNAME, MGRNO, ADMRDEPT, LOCATION) VALUES('H22', 'BRANCH OFFICE H2', '000090', 'E01', NULL);
INSERT INTO DEPARTMENT (DEPTNO, DEPTNAME, MGRNO, ADMRDEPT, LOCATION) VALUES('I22', 'BRANCH OFFICE I2', '000090', 'E01', NULL);
INSERT INTO DEPARTMENT (DEPTNO, DEPTNAME, MGRNO, ADMRDEPT, LOCATION) VALUES('J22', 'BRANCH OFFICE J2', '000030', 'E01', NULL);
INSERT INTO DEPARTMENT (DEPTNO, DEPTNAME, MGRNO, ADMRDEPT, LOCATION) VALUES('B01', 'PLANNING', '000020', 'A00', NULL);
INSERT INTO DEPARTMENT (DEPTNO, DEPTNAME, MGRNO, ADMRDEPT, LOCATION) VALUES('C01', 'INFORMATION CENTER', '000030', 'A00', NULL);
INSERT INTO DEPARTMENT (DEPTNO, DEPTNAME, MGRNO, ADMRDEPT, LOCATION) VALUES('D01', 'DEVELOPMENT CENTER', '000030', 'A00', NULL);
INSERT INTO DEPARTMENT (DEPTNO, DEPTNAME, MGRNO, ADMRDEPT, LOCATION) VALUES('D11', 'MANUFACTURING SYSTEMS', '000060', 'D01', NULL);
INSERT INTO DEPARTMENT (DEPTNO, DEPTNAME, MGRNO, ADMRDEPT, LOCATION) VALUES('D21', 'ADMINISTRATION SYSTEMS', '000070', 'D01', NULL);
INSERT INTO DEPARTMENT (DEPTNO, DEPTNAME, MGRNO, ADMRDEPT, LOCATION) VALUES('E11', 'OPERATIONS', '000090', 'E01', NULL);



INSERT INTO EMPLOYEE (EMPNO, FIRSTNME, MIDINIT, LASTNAME, WORKDEPT, PHONENO, HIREDATE, JOB, EDLEVEL, SEX, BIRTHDATE, SALARY, BONUS, COMM, NSS) VALUES('000010', 'CHRISTINE', 'I', 'HAAS', 'A00', '3978', '1995-01-01', 'PRES    ', 18, 'F', '1963-08-24', 152750.00, 1000.00, 4220.00, NULL);
INSERT INTO EMPLOYEE (EMPNO, FIRSTNME, MIDINIT, LASTNAME, WORKDEPT, PHONENO, HIREDATE, JOB, EDLEVEL, SEX, BIRTHDATE, SALARY, BONUS, COMM, NSS) VALUES('000020', 'MICHAEL', 'L', 'THOMPSON', 'B01', '3476', '2003-10-10', 'MANAGER ', 18, 'M', '1978-02-02', 94250.00, 800.00, 3300.00, NULL);
INSERT INTO EMPLOYEE (EMPNO, FIRSTNME, MIDINIT, LASTNAME, WORKDEPT, PHONENO, HIREDATE, JOB, EDLEVEL, SEX, BIRTHDATE, SALARY, BONUS, COMM, NSS) VALUES('000030', 'SALLY', 'A', 'KWAN', 'C01', '4738', '2005-04-05', 'MANAGER ', 20, 'F', '1971-05-11', 98250.00, 800.00, 3060.00, NULL);
INSERT INTO EMPLOYEE (EMPNO, FIRSTNME, MIDINIT, LASTNAME, WORKDEPT, PHONENO, HIREDATE, JOB, EDLEVEL, SEX, BIRTHDATE, SALARY, BONUS, COMM, NSS) VALUES('000050', 'JOHN', 'B', 'GEYER', 'E01', '6789', '1979-08-17', 'MANAGER ', 16, 'M', '1955-09-15', 80175.00, 800.00, 3214.00, NULL);
INSERT INTO EMPLOYEE (EMPNO, FIRSTNME, MIDINIT, LASTNAME, WORKDEPT, PHONENO, HIREDATE, JOB, EDLEVEL, SEX, BIRTHDATE, SALARY, BONUS, COMM, NSS) VALUES('000060', 'IRVING', 'F', 'STERN', 'D11', '6423', '2003-09-14', 'MANAGER ', 16, 'M', '1975-07-07', 72250.00, 500.00, 2580.00, NULL);
INSERT INTO EMPLOYEE (EMPNO, FIRSTNME, MIDINIT, LASTNAME, WORKDEPT, PHONENO, HIREDATE, JOB, EDLEVEL, SEX, BIRTHDATE, SALARY, BONUS, COMM, NSS) VALUES('000070', 'EVA', 'D', 'PULASKI', 'D21', '7831', '2005-09-30', 'MANAGER ', 16, 'F', '2003-05-26', 96170.00, 700.00, 2893.00, NULL);
INSERT INTO EMPLOYEE (EMPNO, FIRSTNME, MIDINIT, LASTNAME, WORKDEPT, PHONENO, HIREDATE, JOB, EDLEVEL, SEX, BIRTHDATE, SALARY, BONUS, COMM, NSS) VALUES('000090', 'EILEEN', 'W', 'HENDERSON', 'E11', '5498', '2000-08-15', 'MANAGER ', 16, 'F', '1971-05-15', 89750.00, 600.00, 2380.00, NULL);
INSERT INTO EMPLOYEE (EMPNO, FIRSTNME, MIDINIT, LASTNAME, WORKDEPT, PHONENO, HIREDATE, JOB, EDLEVEL, SEX, BIRTHDATE, SALARY, BONUS, COMM, NSS) VALUES('000100', 'THEODORE', 'Q', 'SPENSER', 'E21', '0972', '2000-06-19', 'MANAGER ', 14, 'M', '1980-12-18', 86150.00, 500.00, 2092.00, NULL);
INSERT INTO EMPLOYEE (EMPNO, FIRSTNME, MIDINIT, LASTNAME, WORKDEPT, PHONENO, HIREDATE, JOB, EDLEVEL, SEX, BIRTHDATE, SALARY, BONUS, COMM, NSS) VALUES('000110', 'VINCENZO', 'G', 'LUCCHESSI', 'A00', '3490', '1988-05-16', 'SALESREP', 19, 'M', '1959-11-05', 66500.00, 900.00, 3720.00, NULL);
INSERT INTO EMPLOYEE (EMPNO, FIRSTNME, MIDINIT, LASTNAME, WORKDEPT, PHONENO, HIREDATE, JOB, EDLEVEL, SEX, BIRTHDATE, SALARY, BONUS, COMM, NSS) VALUES('000120', 'SEAN', ' ', 'O''CONNELL', 'A00', '2167', '1993-12-05', 'CLERK   ', 14, 'M', '1972-10-18', 49250.00, 600.00, 2340.00, NULL);
INSERT INTO EMPLOYEE (EMPNO, FIRSTNME, MIDINIT, LASTNAME, WORKDEPT, PHONENO, HIREDATE, JOB, EDLEVEL, SEX, BIRTHDATE, SALARY, BONUS, COMM, NSS) VALUES('000130', 'DELORES', 'M', 'QUINTANA', 'C01', '4578', '2001-07-28', 'ANALYST ', 16, 'F', '1955-09-15', 73800.00, 500.00, 1904.00, NULL);
INSERT INTO EMPLOYEE (EMPNO, FIRSTNME, MIDINIT, LASTNAME, WORKDEPT, PHONENO, HIREDATE, JOB, EDLEVEL, SEX, BIRTHDATE, SALARY, BONUS, COMM, NSS) VALUES('000140', 'HEATHER', 'A', 'NICHOLLS', 'C01', '1793', '2006-12-15', 'ANALYST ', 18, 'F', '1976-01-19', 68420.00, 600.00, 2274.00, NULL);
INSERT INTO EMPLOYEE (EMPNO, FIRSTNME, MIDINIT, LASTNAME, WORKDEPT, PHONENO, HIREDATE, JOB, EDLEVEL, SEX, BIRTHDATE, SALARY, BONUS, COMM, NSS) VALUES('000150', 'BRUCE', ' ', 'ADAMSON', 'D11', '4510', '2002-02-12', 'DESIGNER', 16, 'M', '1977-05-17', 55280.00, 500.00, 2022.00, NULL);
INSERT INTO EMPLOYEE (EMPNO, FIRSTNME, MIDINIT, LASTNAME, WORKDEPT, PHONENO, HIREDATE, JOB, EDLEVEL, SEX, BIRTHDATE, SALARY, BONUS, COMM, NSS) VALUES('000160', 'ELIZABETH', 'R', 'PIANKA', 'D11', '3782', '2006-10-11', 'DESIGNER', 17, 'F', '1980-04-12', 62250.00, 400.00, 1780.00, NULL);
INSERT INTO EMPLOYEE (EMPNO, FIRSTNME, MIDINIT, LASTNAME, WORKDEPT, PHONENO, HIREDATE, JOB, EDLEVEL, SEX, BIRTHDATE, SALARY, BONUS, COMM, NSS) VALUES('000170', 'MASATOSHI', 'J', 'YOSHIMURA', 'D11', '2890', '1999-09-15', 'DESIGNER', 16, 'M', '1981-01-05', 44680.00, 500.00, 1974.00, NULL);
INSERT INTO EMPLOYEE (EMPNO, FIRSTNME, MIDINIT, LASTNAME, WORKDEPT, PHONENO, HIREDATE, JOB, EDLEVEL, SEX, BIRTHDATE, SALARY, BONUS, COMM, NSS) VALUES('000180', 'MARILYN', 'S', 'SCOUTTEN', 'D11', '1682', '2003-07-07', 'DESIGNER', 17, 'F', '1979-02-21', 51340.00, 500.00, 1707.00, NULL);
INSERT INTO EMPLOYEE (EMPNO, FIRSTNME, MIDINIT, LASTNAME, WORKDEPT, PHONENO, HIREDATE, JOB, EDLEVEL, SEX, BIRTHDATE, SALARY, BONUS, COMM, NSS) VALUES('000190', 'JAMES', 'H', 'WALKER', 'D11', '2986', '2004-07-26', 'DESIGNER', 16, 'M', '1982-06-25', 50450.00, 400.00, 1636.00, NULL);
INSERT INTO EMPLOYEE (EMPNO, FIRSTNME, MIDINIT, LASTNAME, WORKDEPT, PHONENO, HIREDATE, JOB, EDLEVEL, SEX, BIRTHDATE, SALARY, BONUS, COMM, NSS) VALUES('000200', 'DAVID', ' ', 'BROWN', 'D11', '4501', '2002-03-03', 'DESIGNER', 16, 'M', '1971-05-29', 57740.00, 600.00, 2217.00, NULL);
INSERT INTO EMPLOYEE (EMPNO, FIRSTNME, MIDINIT, LASTNAME, WORKDEPT, PHONENO, HIREDATE, JOB, EDLEVEL, SEX, BIRTHDATE, SALARY, BONUS, COMM, NSS) VALUES('000210', 'WILLIAM', 'T', 'JONES', 'D11', '0942', '1998-04-11', 'DESIGNER', 17, 'M', '2003-02-23', 68270.00, 400.00, 1462.00, NULL);
INSERT INTO EMPLOYEE (EMPNO, FIRSTNME, MIDINIT, LASTNAME, WORKDEPT, PHONENO, HIREDATE, JOB, EDLEVEL, SEX, BIRTHDATE, SALARY, BONUS, COMM, NSS) VALUES('000220', 'JENNIFER', 'K', 'LUTZ', 'D11', '0672', '1998-08-29', 'DESIGNER', 18, 'F', '1978-03-19', 49840.00, 600.00, 2387.00, NULL);
INSERT INTO EMPLOYEE (EMPNO, FIRSTNME, MIDINIT, LASTNAME, WORKDEPT, PHONENO, HIREDATE, JOB, EDLEVEL, SEX, BIRTHDATE, SALARY, BONUS, COMM, NSS) VALUES('000230', 'JAMES', 'J', 'JEFFERSON', 'D21', '2094', '1996-11-21', 'CLERK   ', 14, 'M', '1980-05-30', 42180.00, 400.00, 1774.00, NULL);
INSERT INTO EMPLOYEE (EMPNO, FIRSTNME, MIDINIT, LASTNAME, WORKDEPT, PHONENO, HIREDATE, JOB, EDLEVEL, SEX, BIRTHDATE, SALARY, BONUS, COMM, NSS) VALUES('000240', 'SALVATORE', 'M', 'MARINO', 'D21', '3780', '2004-12-05', 'CLERK   ', 17, 'M', '2002-03-31', 48760.00, 600.00, 2301.00, NULL);
INSERT INTO EMPLOYEE (EMPNO, FIRSTNME, MIDINIT, LASTNAME, WORKDEPT, PHONENO, HIREDATE, JOB, EDLEVEL, SEX, BIRTHDATE, SALARY, BONUS, COMM, NSS) VALUES('000250', 'DANIEL', 'S', 'SMITH', 'D21', '0961', '1999-10-30', 'CLERK   ', 15, 'M', '1969-11-12', 49180.00, 400.00, 1534.00, NULL);
INSERT INTO EMPLOYEE (EMPNO, FIRSTNME, MIDINIT, LASTNAME, WORKDEPT, PHONENO, HIREDATE, JOB, EDLEVEL, SEX, BIRTHDATE, SALARY, BONUS, COMM, NSS) VALUES('000260', 'SYBIL', 'P', 'JOHNSON', 'D21', '8953', '2005-09-11', 'CLERK   ', 16, 'F', '1976-10-05', 47250.00, 300.00, 1380.00, NULL);
INSERT INTO EMPLOYEE (EMPNO, FIRSTNME, MIDINIT, LASTNAME, WORKDEPT, PHONENO, HIREDATE, JOB, EDLEVEL, SEX, BIRTHDATE, SALARY, BONUS, COMM, NSS) VALUES('000270', 'MARIA', 'L', 'PEREZ', 'D21', '9001', '2006-09-30', 'CLERK   ', 15, 'F', '2003-05-26', 37380.00, 500.00, 2190.00, NULL);
INSERT INTO EMPLOYEE (EMPNO, FIRSTNME, MIDINIT, LASTNAME, WORKDEPT, PHONENO, HIREDATE, JOB, EDLEVEL, SEX, BIRTHDATE, SALARY, BONUS, COMM, NSS) VALUES('000280', 'ETHEL', 'R', 'SCHNEIDER', 'E11', '8997', '1997-03-24', 'OPERATOR', 17, 'F', '1976-03-28', 36250.00, 500.00, 2100.00, NULL);
INSERT INTO EMPLOYEE (EMPNO, FIRSTNME, MIDINIT, LASTNAME, WORKDEPT, PHONENO, HIREDATE, JOB, EDLEVEL, SEX, BIRTHDATE, SALARY, BONUS, COMM, NSS) VALUES('000290', 'JOHN', 'R', 'PARKER', 'E11', '4502', '2006-05-30', 'OPERATOR', 12, 'M', '1985-07-09', 35340.00, 300.00, 1227.00, NULL);
INSERT INTO EMPLOYEE (EMPNO, FIRSTNME, MIDINIT, LASTNAME, WORKDEPT, PHONENO, HIREDATE, JOB, EDLEVEL, SEX, BIRTHDATE, SALARY, BONUS, COMM, NSS) VALUES('000300', 'PHILIP', 'X', 'SMITH', 'E11', '2095', '2002-06-19', 'OPERATOR', 14, 'M', '1976-10-27', 37750.00, 400.00, 1420.00, NULL);
INSERT INTO EMPLOYEE (EMPNO, FIRSTNME, MIDINIT, LASTNAME, WORKDEPT, PHONENO, HIREDATE, JOB, EDLEVEL, SEX, BIRTHDATE, SALARY, BONUS, COMM, NSS) VALUES('000310', 'MAUDE', 'F', 'SETRIGHT', 'E11', '3332', '1994-09-12', 'OPERATOR', 12, 'F', '1961-04-21', 35900.00, 300.00, 1272.00, NULL);
INSERT INTO EMPLOYEE (EMPNO, FIRSTNME, MIDINIT, LASTNAME, WORKDEPT, PHONENO, HIREDATE, JOB, EDLEVEL, SEX, BIRTHDATE, SALARY, BONUS, COMM, NSS) VALUES('000320', 'RAMLAL', 'V', 'MEHTA', 'E21', '9990', '1995-07-07', 'FIELDREP', 16, 'M', '1962-08-11', 39950.00, 400.00, 1596.00, NULL);
INSERT INTO EMPLOYEE (EMPNO, FIRSTNME, MIDINIT, LASTNAME, WORKDEPT, PHONENO, HIREDATE, JOB, EDLEVEL, SEX, BIRTHDATE, SALARY, BONUS, COMM, NSS) VALUES('000330', 'WING', ' ', 'LEE', 'E21', '2103', '2006-02-23', 'FIELDREP', 14, 'M', '1971-07-18', 45370.00, 500.00, 2030.00, NULL);
INSERT INTO EMPLOYEE (EMPNO, FIRSTNME, MIDINIT, LASTNAME, WORKDEPT, PHONENO, HIREDATE, JOB, EDLEVEL, SEX, BIRTHDATE, SALARY, BONUS, COMM, NSS) VALUES('000340', 'JASON', 'R', 'GOUNOT', 'E21', '5698', '1977-05-05', 'FIELDREP', 16, 'M', '1956-05-17', 43840.00, 500.00, 1907.00, NULL);
INSERT INTO EMPLOYEE (EMPNO, FIRSTNME, MIDINIT, LASTNAME, WORKDEPT, PHONENO, HIREDATE, JOB, EDLEVEL, SEX, BIRTHDATE, SALARY, BONUS, COMM, NSS) VALUES('200010', 'DIAN', 'J', 'HEMMINGER', 'A00', '3978', '1995-01-01', 'SALESREP', 18, 'F', '1973-08-14', 46500.00, 1000.00, 4220.00, NULL);
INSERT INTO EMPLOYEE (EMPNO, FIRSTNME, MIDINIT, LASTNAME, WORKDEPT, PHONENO, HIREDATE, JOB, EDLEVEL, SEX, BIRTHDATE, SALARY, BONUS, COMM, NSS) VALUES('200120', 'GREG', ' ', 'ORLANDO', 'A00', '2167', '2002-05-05', 'CLERK   ', 14, 'M', '1972-10-18', 39250.00, 600.00, 2340.00, NULL);
INSERT INTO EMPLOYEE (EMPNO, FIRSTNME, MIDINIT, LASTNAME, WORKDEPT, PHONENO, HIREDATE, JOB, EDLEVEL, SEX, BIRTHDATE, SALARY, BONUS, COMM, NSS) VALUES('200140', 'KIM', 'N', 'NATZ', 'C01', '1793', '2006-12-15', 'ANALYST ', 18, 'F', '1976-01-19', 68420.00, 600.00, 2274.00, NULL);
INSERT INTO EMPLOYEE (EMPNO, FIRSTNME, MIDINIT, LASTNAME, WORKDEPT, PHONENO, HIREDATE, JOB, EDLEVEL, SEX, BIRTHDATE, SALARY, BONUS, COMM, NSS) VALUES('200170', 'KIYOSHI', ' ', 'YAMAMOTO', 'D11', '2890', '2005-09-15', 'DESIGNER', 16, 'M', '1981-01-05', 64680.00, 500.00, 1974.00, NULL);
INSERT INTO EMPLOYEE (EMPNO, FIRSTNME, MIDINIT, LASTNAME, WORKDEPT, PHONENO, HIREDATE, JOB, EDLEVEL, SEX, BIRTHDATE, SALARY, BONUS, COMM, NSS) VALUES('200220', 'REBA', 'K', 'JOHN', 'D11', '0672', '2005-08-29', 'DESIGNER', 18, 'F', '1978-03-19', 69840.00, 600.00, 2387.00, NULL);
INSERT INTO EMPLOYEE (EMPNO, FIRSTNME, MIDINIT, LASTNAME, WORKDEPT, PHONENO, HIREDATE, JOB, EDLEVEL, SEX, BIRTHDATE, SALARY, BONUS, COMM, NSS) VALUES('200240', 'ROBERT', 'M', 'MONTEVERDE', 'D21', '3780', '2004-12-05', 'CLERK   ', 17, 'M', '1984-03-31', 37760.00, 600.00, 2301.00, NULL);
INSERT INTO EMPLOYEE (EMPNO, FIRSTNME, MIDINIT, LASTNAME, WORKDEPT, PHONENO, HIREDATE, JOB, EDLEVEL, SEX, BIRTHDATE, SALARY, BONUS, COMM, NSS) VALUES('200280', 'EILEEN', 'R', 'SCHWARTZ', 'E11', '8997', '1997-03-24', 'OPERATOR', 17, 'F', '1966-03-28', 46250.00, 500.00, 2100.00, NULL);
INSERT INTO EMPLOYEE (EMPNO, FIRSTNME, MIDINIT, LASTNAME, WORKDEPT, PHONENO, HIREDATE, JOB, EDLEVEL, SEX, BIRTHDATE, SALARY, BONUS, COMM, NSS) VALUES('200310', 'MICHELLE', 'F', 'SPRINGER', 'E11', '3332', '1994-09-12', 'OPERATOR', 12, 'F', '1961-04-21', 35900.00, 300.00, 1272.00, NULL);
INSERT INTO EMPLOYEE (EMPNO, FIRSTNME, MIDINIT, LASTNAME, WORKDEPT, PHONENO, HIREDATE, JOB, EDLEVEL, SEX, BIRTHDATE, SALARY, BONUS, COMM, NSS) VALUES('200330', 'HELENA', ' ', 'WONG', 'E21', '2103', '2006-02-23', 'FIELDREP', 14, 'F', '1971-07-18', 35370.00, 500.00, 2030.00, NULL);
INSERT INTO EMPLOYEE (EMPNO, FIRSTNME, MIDINIT, LASTNAME, WORKDEPT, PHONENO, HIREDATE, JOB, EDLEVEL, SEX, BIRTHDATE, SALARY, BONUS, COMM, NSS) VALUES('200340', 'ROY', 'R', 'ALONZO', 'E21', '5698', '1997-07-05', 'FIELDREP', 16, 'M', '1956-05-17', 31840.00, 500.00, 1907.00, NULL);

INSERT INTO PROJECT (PROJNO, PROJNAME, DEPTNO, RESPEMP, PRSTAFF, PRSTDATE, PRENDATE, MAJPROJ) VALUES('AD3100', 'ADMIN SERVICES', 'D01', '000010', 6.50, '2002-01-01', '2003-02-01', NULL);
INSERT INTO PROJECT (PROJNO, PROJNAME, DEPTNO, RESPEMP, PRSTAFF, PRSTDATE, PRENDATE, MAJPROJ) VALUES('AD3110', 'GENERAL ADMIN SYSTEMS', 'D21', '000070', 6.00, '2002-01-01', '2003-02-01', 'AD3100');
INSERT INTO PROJECT (PROJNO, PROJNAME, DEPTNO, RESPEMP, PRSTAFF, PRSTDATE, PRENDATE, MAJPROJ) VALUES('AD3111', 'PAYROLL PROGRAMMING', 'D21', '000230', 2.00, '2002-01-01', '2003-02-01', 'AD3110');
INSERT INTO PROJECT (PROJNO, PROJNAME, DEPTNO, RESPEMP, PRSTAFF, PRSTDATE, PRENDATE, MAJPROJ) VALUES('AD3112', 'PERSONNEL PROGRAMMING', 'D21', '000250', 1.00, '2002-01-01', '2003-02-01', 'AD3110');
INSERT INTO PROJECT (PROJNO, PROJNAME, DEPTNO, RESPEMP, PRSTAFF, PRSTDATE, PRENDATE, MAJPROJ) VALUES('AD3113', 'ACCOUNT PROGRAMMING', 'D21', '000270', 2.00, '2002-01-01', '2003-02-01', 'AD3110');
INSERT INTO PROJECT (PROJNO, PROJNAME, DEPTNO, RESPEMP, PRSTAFF, PRSTDATE, PRENDATE, MAJPROJ) VALUES('IF1000', 'QUERY SERVICES', 'C01', '000030', 2.00, '2002-01-01', '2003-02-01', NULL);
INSERT INTO PROJECT (PROJNO, PROJNAME, DEPTNO, RESPEMP, PRSTAFF, PRSTDATE, PRENDATE, MAJPROJ) VALUES('IF2000', 'USER EDUCATION', 'C01', '000030', 1.00, '2002-01-01', '2003-02-01', NULL);
INSERT INTO PROJECT (PROJNO, PROJNAME, DEPTNO, RESPEMP, PRSTAFF, PRSTDATE, PRENDATE, MAJPROJ) VALUES('MA2100', 'WELD LINE AUTOMATION', 'D01', '000010', 12.00, '2002-01-01', '2003-02-01', NULL);
INSERT INTO PROJECT (PROJNO, PROJNAME, DEPTNO, RESPEMP, PRSTAFF, PRSTDATE, PRENDATE, MAJPROJ) VALUES('MA2110', 'W L PROGRAMMING', 'D11', '000060', 9.00, '2002-01-01', '2003-02-01', 'MA2100');
INSERT INTO PROJECT (PROJNO, PROJNAME, DEPTNO, RESPEMP, PRSTAFF, PRSTDATE, PRENDATE, MAJPROJ) VALUES('MA2111', 'W L PROGRAM DESIGN', 'D11', '000220', 2.00, '2002-01-01', '1982-12-01', 'MA2110');
INSERT INTO PROJECT (PROJNO, PROJNAME, DEPTNO, RESPEMP, PRSTAFF, PRSTDATE, PRENDATE, MAJPROJ) VALUES('MA2112', 'W L ROBOT DESIGN', 'D11', '000150', 3.00, '2002-01-01', '1982-12-01', 'MA2110');
INSERT INTO PROJECT (PROJNO, PROJNAME, DEPTNO, RESPEMP, PRSTAFF, PRSTDATE, PRENDATE, MAJPROJ) VALUES('MA2113', 'W L PROD CONT PROGS', 'D11', '000160', 3.00, '2002-02-15', '1982-12-01', 'MA2110');
INSERT INTO PROJECT (PROJNO, PROJNAME, DEPTNO, RESPEMP, PRSTAFF, PRSTDATE, PRENDATE, MAJPROJ) VALUES('OP1000', 'OPERATION SUPPORT', 'E01', '000050', 6.00, '2002-01-01', '2003-02-01', NULL);
INSERT INTO PROJECT (PROJNO, PROJNAME, DEPTNO, RESPEMP, PRSTAFF, PRSTDATE, PRENDATE, MAJPROJ) VALUES('OP1010', 'OPERATION', 'E11', '000090', 5.00, '2002-01-01', '2003-02-01', 'OP1000');
INSERT INTO PROJECT (PROJNO, PROJNAME, DEPTNO, RESPEMP, PRSTAFF, PRSTDATE, PRENDATE, MAJPROJ) VALUES('OP2000', 'GEN SYSTEMS SERVICES', 'E01', '000050', 5.00, '2002-01-01', '2003-02-01', NULL);
INSERT INTO PROJECT (PROJNO, PROJNAME, DEPTNO, RESPEMP, PRSTAFF, PRSTDATE, PRENDATE, MAJPROJ) VALUES('OP2010', 'SYSTEMS SUPPORT', 'E21', '000100', 4.00, '2002-01-01', '2003-02-01', 'OP2000');
INSERT INTO PROJECT (PROJNO, PROJNAME, DEPTNO, RESPEMP, PRSTAFF, PRSTDATE, PRENDATE, MAJPROJ) VALUES('OP2011', 'SCP SYSTEMS SUPPORT', 'E21', '000320', 1.00, '2002-01-01', '2003-02-01', 'OP2010');
INSERT INTO PROJECT (PROJNO, PROJNAME, DEPTNO, RESPEMP, PRSTAFF, PRSTDATE, PRENDATE, MAJPROJ) VALUES('OP2012', 'APPLICATIONS SUPPORT', 'E21', '000330', 1.00, '2002-01-01', '2003-02-01', 'OP2010');
INSERT INTO PROJECT (PROJNO, PROJNAME, DEPTNO, RESPEMP, PRSTAFF, PRSTDATE, PRENDATE, MAJPROJ) VALUES('OP2013', 'DB/DC SUPPORT', 'E21', '000340', 1.00, '2002-01-01', '2003-02-01', 'OP2010');
INSERT INTO PROJECT (PROJNO, PROJNAME, DEPTNO, RESPEMP, PRSTAFF, PRSTDATE, PRENDATE, MAJPROJ) VALUES('PL2100', 'WELD LINE PLANNING', 'B01', '000020', 1.00, '2002-01-01', '2002-09-15', 'MA2100');


INSERT INTO ACT (ACTNO, ACTKWD, ACTDESC) VALUES(10, 'MANAGE', 'MANAGE/ADVISE');
INSERT INTO ACT (ACTNO, ACTKWD, ACTDESC) VALUES(20, 'ECOST ', 'ESTIMATE COST');
INSERT INTO ACT (ACTNO, ACTKWD, ACTDESC) VALUES(30, 'DEFINE', 'DEFINE SPECS');
INSERT INTO ACT (ACTNO, ACTKWD, ACTDESC) VALUES(40, 'LEADPR', 'LEAD PROGRAM/DESIGN');
INSERT INTO ACT (ACTNO, ACTKWD, ACTDESC) VALUES(50, 'SPECS ', 'WRITE SPECS');
INSERT INTO ACT (ACTNO, ACTKWD, ACTDESC) VALUES(60, 'LOGIC ', 'DESCRIBE LOGIC');
INSERT INTO ACT (ACTNO, ACTKWD, ACTDESC) VALUES(70, 'CODE  ', 'CODE PROGRAMS');
INSERT INTO ACT (ACTNO, ACTKWD, ACTDESC) VALUES(80, 'TEST  ', 'TEST PROGRAMS');
INSERT INTO ACT (ACTNO, ACTKWD, ACTDESC) VALUES(90, 'ADMQS ', 'ADM QUERY SYSTEM');
INSERT INTO ACT (ACTNO, ACTKWD, ACTDESC) VALUES(100, 'TEACH ', 'TEACH CLASSES');
INSERT INTO ACT (ACTNO, ACTKWD, ACTDESC) VALUES(110, 'COURSE', 'DEVELOP COURSES');
INSERT INTO ACT (ACTNO, ACTKWD, ACTDESC) VALUES(120, 'STAFF ', 'PERS AND STAFFING');
INSERT INTO ACT (ACTNO, ACTKWD, ACTDESC) VALUES(130, 'OPERAT', 'OPER COMPUTER SYS');
INSERT INTO ACT (ACTNO, ACTKWD, ACTDESC) VALUES(140, 'MAINT ', 'MAINT SOFTWARE SYS');
INSERT INTO ACT (ACTNO, ACTKWD, ACTDESC) VALUES(150, 'ADMSYS', 'ADM OPERATING SYS');
INSERT INTO ACT (ACTNO, ACTKWD, ACTDESC) VALUES(160, 'ADMDB ', 'ADM DATA BASES');
INSERT INTO ACT (ACTNO, ACTKWD, ACTDESC) VALUES(170, 'ADMDC ', 'ADM DATA COMM');
INSERT INTO ACT (ACTNO, ACTKWD, ACTDESC) VALUES(180, 'DOC   ', 'DOCUMENT');


INSERT INTO PROJACT (PROJNO, ACTNO, ACSTAFF, ACSTDATE, ACENDATE) VALUES('AD3100', 10, NULL, '2002-01-01', NULL);
INSERT INTO PROJACT (PROJNO, ACTNO, ACSTAFF, ACSTDATE, ACENDATE) VALUES('AD3110', 10, NULL, '2002-01-01', NULL);
INSERT INTO PROJACT (PROJNO, ACTNO, ACSTAFF, ACSTDATE, ACENDATE) VALUES('AD3111', 60, NULL, '2002-01-01', NULL);
INSERT INTO PROJACT (PROJNO, ACTNO, ACSTAFF, ACSTDATE, ACENDATE) VALUES('AD3111', 60, NULL, '2002-03-15', NULL);
INSERT INTO PROJACT (PROJNO, ACTNO, ACSTAFF, ACSTDATE, ACENDATE) VALUES('AD3111', 70, NULL, '2002-03-15', NULL);
INSERT INTO PROJACT (PROJNO, ACTNO, ACSTAFF, ACSTDATE, ACENDATE) VALUES('AD3111', 80, NULL, '2002-04-15', NULL);
INSERT INTO PROJACT (PROJNO, ACTNO, ACSTAFF, ACSTDATE, ACENDATE) VALUES('AD3111', 180, NULL, '2002-10-15', NULL);
INSERT INTO PROJACT (PROJNO, ACTNO, ACSTAFF, ACSTDATE, ACENDATE) VALUES('AD3111', 70, NULL, '2002-02-15', NULL);
INSERT INTO PROJACT (PROJNO, ACTNO, ACSTAFF, ACSTDATE, ACENDATE) VALUES('AD3111', 80, NULL, '2002-09-15', NULL);
INSERT INTO PROJACT (PROJNO, ACTNO, ACSTAFF, ACSTDATE, ACENDATE) VALUES('AD3112', 60, NULL, '2002-01-01', NULL);
INSERT INTO PROJACT (PROJNO, ACTNO, ACSTAFF, ACSTDATE, ACENDATE) VALUES('AD3112', 60, NULL, '2002-02-01', NULL);
INSERT INTO PROJACT (PROJNO, ACTNO, ACSTAFF, ACSTDATE, ACENDATE) VALUES('AD3112', 60, NULL, '2003-01-01', NULL);
INSERT INTO PROJACT (PROJNO, ACTNO, ACSTAFF, ACSTDATE, ACENDATE) VALUES('AD3112', 70, NULL, '2002-02-01', NULL);
INSERT INTO PROJACT (PROJNO, ACTNO, ACSTAFF, ACSTDATE, ACENDATE) VALUES('AD3112', 70, NULL, '2002-03-15', NULL);
INSERT INTO PROJACT (PROJNO, ACTNO, ACSTAFF, ACSTDATE, ACENDATE) VALUES('AD3112', 70, NULL, '2002-08-15', NULL);
INSERT INTO PROJACT (PROJNO, ACTNO, ACSTAFF, ACSTDATE, ACENDATE) VALUES('AD3112', 80, NULL, '2002-08-15', NULL);
INSERT INTO PROJACT (PROJNO, ACTNO, ACSTAFF, ACSTDATE, ACENDATE) VALUES('AD3112', 80, NULL, '2002-10-15', NULL);
INSERT INTO PROJACT (PROJNO, ACTNO, ACSTAFF, ACSTDATE, ACENDATE) VALUES('AD3112', 180, NULL, '2002-08-15', NULL);
INSERT INTO PROJACT (PROJNO, ACTNO, ACSTAFF, ACSTDATE, ACENDATE) VALUES('AD3113', 70, NULL, '2002-06-15', NULL);
INSERT INTO PROJACT (PROJNO, ACTNO, ACSTAFF, ACSTDATE, ACENDATE) VALUES('AD3113', 70, NULL, '2002-07-01', NULL);
INSERT INTO PROJACT (PROJNO, ACTNO, ACSTAFF, ACSTDATE, ACENDATE) VALUES('AD3113', 80, NULL, '2002-01-01', NULL);
INSERT INTO PROJACT (PROJNO, ACTNO, ACSTAFF, ACSTDATE, ACENDATE) VALUES('AD3113', 80, NULL, '2002-03-01', NULL);
INSERT INTO PROJACT (PROJNO, ACTNO, ACSTAFF, ACSTDATE, ACENDATE) VALUES('AD3113', 180, NULL, '2002-03-01', NULL);
INSERT INTO PROJACT (PROJNO, ACTNO, ACSTAFF, ACSTDATE, ACENDATE) VALUES('AD3113', 180, NULL, '2002-04-15', NULL);
INSERT INTO PROJACT (PROJNO, ACTNO, ACSTAFF, ACSTDATE, ACENDATE) VALUES('AD3113', 180, NULL, '2002-06-01', NULL);
INSERT INTO PROJACT (PROJNO, ACTNO, ACSTAFF, ACSTDATE, ACENDATE) VALUES('AD3113', 60, NULL, '2002-03-01', NULL);
INSERT INTO PROJACT (PROJNO, ACTNO, ACSTAFF, ACSTDATE, ACENDATE) VALUES('AD3113', 60, NULL, '2002-04-01', NULL);
INSERT INTO PROJACT (PROJNO, ACTNO, ACSTAFF, ACSTDATE, ACENDATE) VALUES('AD3113', 60, NULL, '2002-09-01', NULL);
INSERT INTO PROJACT (PROJNO, ACTNO, ACSTAFF, ACSTDATE, ACENDATE) VALUES('AD3113', 70, NULL, '2002-09-01', NULL);
INSERT INTO PROJACT (PROJNO, ACTNO, ACSTAFF, ACSTDATE, ACENDATE) VALUES('AD3113', 70, NULL, '2002-10-15', NULL);
INSERT INTO PROJACT (PROJNO, ACTNO, ACSTAFF, ACSTDATE, ACENDATE) VALUES('IF1000', 10, NULL, '2002-06-01', NULL);
INSERT INTO PROJACT (PROJNO, ACTNO, ACSTAFF, ACSTDATE, ACENDATE) VALUES('IF1000', 90, NULL, '2002-10-01', NULL);
INSERT INTO PROJACT (PROJNO, ACTNO, ACSTAFF, ACSTDATE, ACENDATE) VALUES('IF1000', 100, NULL, '2002-10-01', NULL);
INSERT INTO PROJACT (PROJNO, ACTNO, ACSTAFF, ACSTDATE, ACENDATE) VALUES('IF2000', 10, NULL, '2002-01-01', NULL);
INSERT INTO PROJACT (PROJNO, ACTNO, ACSTAFF, ACSTDATE, ACENDATE) VALUES('IF2000', 100, NULL, '2002-01-01', NULL);
INSERT INTO PROJACT (PROJNO, ACTNO, ACSTAFF, ACSTDATE, ACENDATE) VALUES('IF2000', 100, NULL, '2002-03-01', NULL);
INSERT INTO PROJACT (PROJNO, ACTNO, ACSTAFF, ACSTDATE, ACENDATE) VALUES('IF2000', 110, NULL, '2002-03-01', NULL);
INSERT INTO PROJACT (PROJNO, ACTNO, ACSTAFF, ACSTDATE, ACENDATE) VALUES('IF2000', 110, NULL, '2002-10-01', NULL);
INSERT INTO PROJACT (PROJNO, ACTNO, ACSTAFF, ACSTDATE, ACENDATE) VALUES('MA2100', 10, NULL, '2002-01-01', NULL);
INSERT INTO PROJACT (PROJNO, ACTNO, ACSTAFF, ACSTDATE, ACENDATE) VALUES('MA2100', 20, NULL, '2002-01-01', NULL);
INSERT INTO PROJACT (PROJNO, ACTNO, ACSTAFF, ACSTDATE, ACENDATE) VALUES('MA2110', 10, NULL, '2002-01-01', NULL);
INSERT INTO PROJACT (PROJNO, ACTNO, ACSTAFF, ACSTDATE, ACENDATE) VALUES('MA2111', 50, NULL, '2002-01-01', NULL);
INSERT INTO PROJACT (PROJNO, ACTNO, ACSTAFF, ACSTDATE, ACENDATE) VALUES('MA2111', 60, NULL, '2002-06-15', NULL);
INSERT INTO PROJACT (PROJNO, ACTNO, ACSTAFF, ACSTDATE, ACENDATE) VALUES('MA2111', 40, NULL, '2002-01-01', NULL);
INSERT INTO PROJACT (PROJNO, ACTNO, ACSTAFF, ACSTDATE, ACENDATE) VALUES('MA2112', 60, NULL, '2002-01-01', NULL);
INSERT INTO PROJACT (PROJNO, ACTNO, ACSTAFF, ACSTDATE, ACENDATE) VALUES('MA2112', 180, NULL, '2002-07-15', NULL);
INSERT INTO PROJACT (PROJNO, ACTNO, ACSTAFF, ACSTDATE, ACENDATE) VALUES('MA2112', 70, NULL, '2002-06-01', NULL);
INSERT INTO PROJACT (PROJNO, ACTNO, ACSTAFF, ACSTDATE, ACENDATE) VALUES('MA2112', 70, NULL, '2002-01-01', NULL);
INSERT INTO PROJACT (PROJNO, ACTNO, ACSTAFF, ACSTDATE, ACENDATE) VALUES('MA2112', 80, NULL, '2002-10-01', NULL);
INSERT INTO PROJACT (PROJNO, ACTNO, ACSTAFF, ACSTDATE, ACENDATE) VALUES('MA2113', 60, NULL, '2002-07-15', NULL);
INSERT INTO PROJACT (PROJNO, ACTNO, ACSTAFF, ACSTDATE, ACENDATE) VALUES('MA2113', 80, NULL, '2002-01-01', NULL);
INSERT INTO PROJACT (PROJNO, ACTNO, ACSTAFF, ACSTDATE, ACENDATE) VALUES('MA2113', 70, NULL, '2002-04-01', NULL);
INSERT INTO PROJACT (PROJNO, ACTNO, ACSTAFF, ACSTDATE, ACENDATE) VALUES('MA2113', 80, NULL, '2002-10-01', NULL);
INSERT INTO PROJACT (PROJNO, ACTNO, ACSTAFF, ACSTDATE, ACENDATE) VALUES('MA2113', 180, NULL, '2002-10-01', NULL);
INSERT INTO PROJACT (PROJNO, ACTNO, ACSTAFF, ACSTDATE, ACENDATE) VALUES('OP1000', 10, NULL, '2002-01-01', NULL);
INSERT INTO PROJACT (PROJNO, ACTNO, ACSTAFF, ACSTDATE, ACENDATE) VALUES('OP1010', 10, NULL, '2002-01-01', NULL);
INSERT INTO PROJACT (PROJNO, ACTNO, ACSTAFF, ACSTDATE, ACENDATE) VALUES('OP1010', 130, NULL, '2002-01-01', NULL);
INSERT INTO PROJACT (PROJNO, ACTNO, ACSTAFF, ACSTDATE, ACENDATE) VALUES('OP2010', 10, NULL, '2002-01-01', NULL);
INSERT INTO PROJACT (PROJNO, ACTNO, ACSTAFF, ACSTDATE, ACENDATE) VALUES('OP2011', 140, NULL, '2002-01-01', NULL);
INSERT INTO PROJACT (PROJNO, ACTNO, ACSTAFF, ACSTDATE, ACENDATE) VALUES('OP2011', 150, NULL, '2002-01-01', NULL);
INSERT INTO PROJACT (PROJNO, ACTNO, ACSTAFF, ACSTDATE, ACENDATE) VALUES('OP2012', 140, NULL, '2002-01-01', NULL);
INSERT INTO PROJACT (PROJNO, ACTNO, ACSTAFF, ACSTDATE, ACENDATE) VALUES('OP2012', 160, NULL, '2002-01-01', NULL);
INSERT INTO PROJACT (PROJNO, ACTNO, ACSTAFF, ACSTDATE, ACENDATE) VALUES('OP2013', 140, NULL, '2002-01-01', NULL);
INSERT INTO PROJACT (PROJNO, ACTNO, ACSTAFF, ACSTDATE, ACENDATE) VALUES('OP2013', 170, NULL, '2002-01-01', NULL);
INSERT INTO PROJACT (PROJNO, ACTNO, ACSTAFF, ACSTDATE, ACENDATE) VALUES('PL2100', 30, NULL, '2002-01-01', NULL);


INSERT INTO EMPPROJACT (EMPNO, PROJNO, ACTNO, EMPTIME, EMSTDATE, EMENDATE) VALUES('000010', 'AD3100', 10, 0.50, '2002-01-01', '2002-07-01');
INSERT INTO EMPPROJACT (EMPNO, PROJNO, ACTNO, EMPTIME, EMSTDATE, EMENDATE) VALUES('000070', 'AD3110', 10, 1.00, '2002-01-01', '2003-02-01');
INSERT INTO EMPPROJACT (EMPNO, PROJNO, ACTNO, EMPTIME, EMSTDATE, EMENDATE) VALUES('000230', 'AD3111', 60, 1.00, '2002-01-01', '2002-03-15');
INSERT INTO EMPPROJACT (EMPNO, PROJNO, ACTNO, EMPTIME, EMSTDATE, EMENDATE) VALUES('000230', 'AD3111', 60, 0.50, '2002-03-15', '2002-04-15');
INSERT INTO EMPPROJACT (EMPNO, PROJNO, ACTNO, EMPTIME, EMSTDATE, EMENDATE) VALUES('000230', 'AD3111', 70, 0.50, '2002-03-15', '2002-10-15');
INSERT INTO EMPPROJACT (EMPNO, PROJNO, ACTNO, EMPTIME, EMSTDATE, EMENDATE) VALUES('000230', 'AD3111', 80, 0.50, '2002-04-15', '2002-10-15');
INSERT INTO EMPPROJACT (EMPNO, PROJNO, ACTNO, EMPTIME, EMSTDATE, EMENDATE) VALUES('000230', 'AD3111', 180, 0.50, '2002-10-15', '2003-01-01');
INSERT INTO EMPPROJACT (EMPNO, PROJNO, ACTNO, EMPTIME, EMSTDATE, EMENDATE) VALUES('000240', 'AD3111', 70, 1.00, '2002-02-15', '2002-09-15');
INSERT INTO EMPPROJACT (EMPNO, PROJNO, ACTNO, EMPTIME, EMSTDATE, EMENDATE) VALUES('000240', 'AD3111', 80, 1.00, '2002-09-15', '2003-01-01');
INSERT INTO EMPPROJACT (EMPNO, PROJNO, ACTNO, EMPTIME, EMSTDATE, EMENDATE) VALUES('000250', 'AD3112', 60, 1.00, '2002-01-01', '2002-02-01');
INSERT INTO EMPPROJACT (EMPNO, PROJNO, ACTNO, EMPTIME, EMSTDATE, EMENDATE) VALUES('000250', 'AD3112', 60, 0.50, '2002-02-01', '2002-03-15');
INSERT INTO EMPPROJACT (EMPNO, PROJNO, ACTNO, EMPTIME, EMSTDATE, EMENDATE) VALUES('000250', 'AD3112', 60, 1.00, '2003-01-01', '2003-02-01');
INSERT INTO EMPPROJACT (EMPNO, PROJNO, ACTNO, EMPTIME, EMSTDATE, EMENDATE) VALUES('000250', 'AD3112', 70, 0.50, '2002-02-01', '2002-03-15');
INSERT INTO EMPPROJACT (EMPNO, PROJNO, ACTNO, EMPTIME, EMSTDATE, EMENDATE) VALUES('000250', 'AD3112', 70, 1.00, '2002-03-15', '2002-08-15');
INSERT INTO EMPPROJACT (EMPNO, PROJNO, ACTNO, EMPTIME, EMSTDATE, EMENDATE) VALUES('000250', 'AD3112', 70, 0.25, '2002-08-15', '2002-10-15');
INSERT INTO EMPPROJACT (EMPNO, PROJNO, ACTNO, EMPTIME, EMSTDATE, EMENDATE) VALUES('000250', 'AD3112', 80, 0.25, '2002-08-15', '2002-10-15');
INSERT INTO EMPPROJACT (EMPNO, PROJNO, ACTNO, EMPTIME, EMSTDATE, EMENDATE) VALUES('000250', 'AD3112', 80, 0.50, '2002-10-15', '2002-12-01');
INSERT INTO EMPPROJACT (EMPNO, PROJNO, ACTNO, EMPTIME, EMSTDATE, EMENDATE) VALUES('000250', 'AD3112', 180, 0.50, '2002-08-15', '2003-01-01');
INSERT INTO EMPPROJACT (EMPNO, PROJNO, ACTNO, EMPTIME, EMSTDATE, EMENDATE) VALUES('000260', 'AD3113', 70, 0.50, '2002-06-15', '2002-07-01');
INSERT INTO EMPPROJACT (EMPNO, PROJNO, ACTNO, EMPTIME, EMSTDATE, EMENDATE) VALUES('000260', 'AD3113', 70, 1.00, '2002-07-01', '2003-02-01');
INSERT INTO EMPPROJACT (EMPNO, PROJNO, ACTNO, EMPTIME, EMSTDATE, EMENDATE) VALUES('000260', 'AD3113', 80, 1.00, '2002-01-01', '2002-03-01');
INSERT INTO EMPPROJACT (EMPNO, PROJNO, ACTNO, EMPTIME, EMSTDATE, EMENDATE) VALUES('000260', 'AD3113', 80, 0.50, '2002-03-01', '2002-04-15');
INSERT INTO EMPPROJACT (EMPNO, PROJNO, ACTNO, EMPTIME, EMSTDATE, EMENDATE) VALUES('000260', 'AD3113', 180, 0.50, '2002-03-01', '2002-04-15');
INSERT INTO EMPPROJACT (EMPNO, PROJNO, ACTNO, EMPTIME, EMSTDATE, EMENDATE) VALUES('000260', 'AD3113', 180, 1.00, '2002-04-15', '2002-06-01');
INSERT INTO EMPPROJACT (EMPNO, PROJNO, ACTNO, EMPTIME, EMSTDATE, EMENDATE) VALUES('000260', 'AD3113', 180, 1.00, '2002-06-01', '2002-07-01');
INSERT INTO EMPPROJACT (EMPNO, PROJNO, ACTNO, EMPTIME, EMSTDATE, EMENDATE) VALUES('000270', 'AD3113', 60, 0.50, '2002-03-01', '2002-04-01');
INSERT INTO EMPPROJACT (EMPNO, PROJNO, ACTNO, EMPTIME, EMSTDATE, EMENDATE) VALUES('000270', 'AD3113', 60, 1.00, '2002-04-01', '2002-09-01');
INSERT INTO EMPPROJACT (EMPNO, PROJNO, ACTNO, EMPTIME, EMSTDATE, EMENDATE) VALUES('000270', 'AD3113', 60, 0.25, '2002-09-01', '2002-10-15');
INSERT INTO EMPPROJACT (EMPNO, PROJNO, ACTNO, EMPTIME, EMSTDATE, EMENDATE) VALUES('000270', 'AD3113', 70, 0.75, '2002-09-01', '2002-10-15');
INSERT INTO EMPPROJACT (EMPNO, PROJNO, ACTNO, EMPTIME, EMSTDATE, EMENDATE) VALUES('000270', 'AD3113', 70, 1.00, '2002-10-15', '2003-02-01');
INSERT INTO EMPPROJACT (EMPNO, PROJNO, ACTNO, EMPTIME, EMSTDATE, EMENDATE) VALUES('000270', 'AD3113', 80, 1.00, '2002-01-01', '2002-03-01');
INSERT INTO EMPPROJACT (EMPNO, PROJNO, ACTNO, EMPTIME, EMSTDATE, EMENDATE) VALUES('000270', 'AD3113', 80, 0.50, '2002-03-01', '2002-04-01');
INSERT INTO EMPPROJACT (EMPNO, PROJNO, ACTNO, EMPTIME, EMSTDATE, EMENDATE) VALUES('000030', 'IF1000', 10, 0.50, '2002-06-01', '2003-01-01');
INSERT INTO EMPPROJACT (EMPNO, PROJNO, ACTNO, EMPTIME, EMSTDATE, EMENDATE) VALUES('000130', 'IF1000', 90, 1.00, '2002-10-01', '2003-01-01');
INSERT INTO EMPPROJACT (EMPNO, PROJNO, ACTNO, EMPTIME, EMSTDATE, EMENDATE) VALUES('000130', 'IF1000', 100, 0.50, '2002-10-01', '2003-01-01');
INSERT INTO EMPPROJACT (EMPNO, PROJNO, ACTNO, EMPTIME, EMSTDATE, EMENDATE) VALUES('000140', 'IF1000', 90, 0.50, '2002-10-01', '2003-01-01');
INSERT INTO EMPPROJACT (EMPNO, PROJNO, ACTNO, EMPTIME, EMSTDATE, EMENDATE) VALUES('000030', 'IF2000', 10, 0.50, '2002-01-01', '2003-01-01');
INSERT INTO EMPPROJACT (EMPNO, PROJNO, ACTNO, EMPTIME, EMSTDATE, EMENDATE) VALUES('000140', 'IF2000', 100, 1.00, '2002-01-01', '2002-03-01');
INSERT INTO EMPPROJACT (EMPNO, PROJNO, ACTNO, EMPTIME, EMSTDATE, EMENDATE) VALUES('000140', 'IF2000', 100, 0.50, '2002-03-01', '2002-07-01');
INSERT INTO EMPPROJACT (EMPNO, PROJNO, ACTNO, EMPTIME, EMSTDATE, EMENDATE) VALUES('000140', 'IF2000', 110, 0.50, '2002-03-01', '2002-07-01');
INSERT INTO EMPPROJACT (EMPNO, PROJNO, ACTNO, EMPTIME, EMSTDATE, EMENDATE) VALUES('000140', 'IF2000', 110, 0.50, '2002-10-01', '2003-01-01');
INSERT INTO EMPPROJACT (EMPNO, PROJNO, ACTNO, EMPTIME, EMSTDATE, EMENDATE) VALUES('000010', 'MA2100', 10, 0.50, '2002-01-01', '2002-11-01');
INSERT INTO EMPPROJACT (EMPNO, PROJNO, ACTNO, EMPTIME, EMSTDATE, EMENDATE) VALUES('000110', 'MA2100', 20, 1.00, '2002-01-01', '2003-03-01');
INSERT INTO EMPPROJACT (EMPNO, PROJNO, ACTNO, EMPTIME, EMSTDATE, EMENDATE) VALUES('000010', 'MA2110', 10, 1.00, '2002-01-01', '2003-02-01');
INSERT INTO EMPPROJACT (EMPNO, PROJNO, ACTNO, EMPTIME, EMSTDATE, EMENDATE) VALUES('000200', 'MA2111', 50, 1.00, '2002-01-01', '2002-06-15');
INSERT INTO EMPPROJACT (EMPNO, PROJNO, ACTNO, EMPTIME, EMSTDATE, EMENDATE) VALUES('000200', 'MA2111', 60, 1.00, '2002-06-15', '2003-02-01');
INSERT INTO EMPPROJACT (EMPNO, PROJNO, ACTNO, EMPTIME, EMSTDATE, EMENDATE) VALUES('000220', 'MA2111', 40, 1.00, '2002-01-01', '2003-02-01');
INSERT INTO EMPPROJACT (EMPNO, PROJNO, ACTNO, EMPTIME, EMSTDATE, EMENDATE) VALUES('000150', 'MA2112', 60, 1.00, '2002-01-01', '2002-07-15');
INSERT INTO EMPPROJACT (EMPNO, PROJNO, ACTNO, EMPTIME, EMSTDATE, EMENDATE) VALUES('000150', 'MA2112', 180, 1.00, '2002-07-15', '2003-02-01');
INSERT INTO EMPPROJACT (EMPNO, PROJNO, ACTNO, EMPTIME, EMSTDATE, EMENDATE) VALUES('000170', 'MA2112', 60, 1.00, '2002-01-01', '2003-06-01');
INSERT INTO EMPPROJACT (EMPNO, PROJNO, ACTNO, EMPTIME, EMSTDATE, EMENDATE) VALUES('000170', 'MA2112', 70, 1.00, '2002-06-01', '2003-02-01');
INSERT INTO EMPPROJACT (EMPNO, PROJNO, ACTNO, EMPTIME, EMSTDATE, EMENDATE) VALUES('000190', 'MA2112', 70, 1.00, '2002-01-01', '2002-10-01');
INSERT INTO EMPPROJACT (EMPNO, PROJNO, ACTNO, EMPTIME, EMSTDATE, EMENDATE) VALUES('000190', 'MA2112', 80, 1.00, '2002-10-01', '2003-10-01');
INSERT INTO EMPPROJACT (EMPNO, PROJNO, ACTNO, EMPTIME, EMSTDATE, EMENDATE) VALUES('000160', 'MA2113', 60, 1.00, '2002-07-15', '2003-02-01');
INSERT INTO EMPPROJACT (EMPNO, PROJNO, ACTNO, EMPTIME, EMSTDATE, EMENDATE) VALUES('000170', 'MA2113', 80, 1.00, '2002-01-01', '2003-02-01');
INSERT INTO EMPPROJACT (EMPNO, PROJNO, ACTNO, EMPTIME, EMSTDATE, EMENDATE) VALUES('000180', 'MA2113', 70, 1.00, '2002-04-01', '2002-06-15');
INSERT INTO EMPPROJACT (EMPNO, PROJNO, ACTNO, EMPTIME, EMSTDATE, EMENDATE) VALUES('000210', 'MA2113', 80, 0.50, '2002-10-01', '2003-02-01');
INSERT INTO EMPPROJACT (EMPNO, PROJNO, ACTNO, EMPTIME, EMSTDATE, EMENDATE) VALUES('000210', 'MA2113', 180, 0.50, '2002-10-01', '2003-02-01');
INSERT INTO EMPPROJACT (EMPNO, PROJNO, ACTNO, EMPTIME, EMSTDATE, EMENDATE) VALUES('000050', 'OP1000', 10, 0.25, '2002-01-01', '2003-02-01');
INSERT INTO EMPPROJACT (EMPNO, PROJNO, ACTNO, EMPTIME, EMSTDATE, EMENDATE) VALUES('000090', 'OP1010', 10, 1.00, '2002-01-01', '2003-02-01');
INSERT INTO EMPPROJACT (EMPNO, PROJNO, ACTNO, EMPTIME, EMSTDATE, EMENDATE) VALUES('000280', 'OP1010', 130, 1.00, '2002-01-01', '2003-02-01');
INSERT INTO EMPPROJACT (EMPNO, PROJNO, ACTNO, EMPTIME, EMSTDATE, EMENDATE) VALUES('000290', 'OP1010', 130, 1.00, '2002-01-01', '2003-02-01');
INSERT INTO EMPPROJACT (EMPNO, PROJNO, ACTNO, EMPTIME, EMSTDATE, EMENDATE) VALUES('000300', 'OP1010', 130, 1.00, '2002-01-01', '2003-02-01');
INSERT INTO EMPPROJACT (EMPNO, PROJNO, ACTNO, EMPTIME, EMSTDATE, EMENDATE) VALUES('000310', 'OP1010', 130, 1.00, '2002-01-01', '2003-02-01');
INSERT INTO EMPPROJACT (EMPNO, PROJNO, ACTNO, EMPTIME, EMSTDATE, EMENDATE) VALUES('000050', 'OP2010', 10, 0.75, '2002-01-01', '2003-02-01');
INSERT INTO EMPPROJACT (EMPNO, PROJNO, ACTNO, EMPTIME, EMSTDATE, EMENDATE) VALUES('000100', 'OP2010', 10, 1.00, '2002-01-01', '2003-02-01');
INSERT INTO EMPPROJACT (EMPNO, PROJNO, ACTNO, EMPTIME, EMSTDATE, EMENDATE) VALUES('000320', 'OP2011', 140, 0.75, '2002-01-01', '2003-02-01');
INSERT INTO EMPPROJACT (EMPNO, PROJNO, ACTNO, EMPTIME, EMSTDATE, EMENDATE) VALUES('000320', 'OP2011', 150, 0.25, '2002-01-01', '2003-02-01');
INSERT INTO EMPPROJACT (EMPNO, PROJNO, ACTNO, EMPTIME, EMSTDATE, EMENDATE) VALUES('000330', 'OP2012', 140, 0.25, '2002-01-01', '2003-02-01');
INSERT INTO EMPPROJACT (EMPNO, PROJNO, ACTNO, EMPTIME, EMSTDATE, EMENDATE) VALUES('000330', 'OP2012', 160, 0.75, '2002-01-01', '2003-02-01');
INSERT INTO EMPPROJACT (EMPNO, PROJNO, ACTNO, EMPTIME, EMSTDATE, EMENDATE) VALUES('000340', 'OP2013', 140, 0.50, '2002-01-01', '2003-02-01');
INSERT INTO EMPPROJACT (EMPNO, PROJNO, ACTNO, EMPTIME, EMSTDATE, EMENDATE) VALUES('000340', 'OP2013', 170, 0.50, '2002-01-01', '2003-02-01');
INSERT INTO EMPPROJACT (EMPNO, PROJNO, ACTNO, EMPTIME, EMSTDATE, EMENDATE) VALUES('000020', 'PL2100', 30, 1.00, '2002-01-01', '2002-09-15'); 

INSERT INTO EMP_PHOTO (EMPNO, PHOTO_FORMAT, PICTURE) VALUES('000130', 'bitmap', NULL);
INSERT INTO EMP_PHOTO (EMPNO, PHOTO_FORMAT, PICTURE) VALUES('000130', 'gif', NULL);
INSERT INTO EMP_PHOTO (EMPNO, PHOTO_FORMAT, PICTURE) VALUES('000140', 'bitmap', NULL);
INSERT INTO EMP_PHOTO (EMPNO, PHOTO_FORMAT, PICTURE) VALUES('000140', 'gif', NULL);
INSERT INTO EMP_PHOTO (EMPNO, PHOTO_FORMAT, PICTURE) VALUES('000150', 'bitmap', NULL);
INSERT INTO EMP_PHOTO (EMPNO, PHOTO_FORMAT, PICTURE) VALUES('000150', 'gif', NULL);
INSERT INTO EMP_PHOTO (EMPNO, PHOTO_FORMAT, PICTURE) VALUES('000190', 'bitmap', NULL);
INSERT INTO EMP_PHOTO (EMPNO, PHOTO_FORMAT, PICTURE) VALUES('000190', 'gif', NULL);

INSERT INTO EMP_RESUME (EMPNO, RESUME_FORMAT, RESUME) VALUES('000130', 'ascii', ' 
 
  Resume:  Delores M. Quintana
 
 
  Personal Information
 
  Address:            1150 Eglinton Ave
                      Mellonville, Idaho 83725
  Phone:              (208) 875-9933
  Birthdate:          September 15, 1925
  Sex:                Female
  Marital Status:     Married
  Height:             5''''2"
  Weight:             120 lbs.
 
 
  Department Information
 
  Employee Number:    000130
  Dept Number:        C01
  Manager:            Sally Kwan
  Position:           Analyst
  Phone:              (208) 385-4578
  Hire Date:          1971-07-28
 
 
  Education
 
  1965                Math and English, B.A.
                      Adelphi University
 
  1960                Dental Technician
                      Florida Institute of Technology
 
 
  Work History
 
  10/91 - present     Advisory Systems Analyst
                      Producing documentation tools for engineering
                      department.
 
  12/85 - 9/91        Technical Writer
                      Writer, text programmer, and planner.
 
  1/79 - 11/85        COBOL Payroll Programmer
                      Writing payroll programs for a diesel fuel
                      company.
 
 
  Interests
 
  o   Cooking
  o   Reading
  o   Sewing
  o   Remodeling
');
INSERT INTO EMP_RESUME (EMPNO, RESUME_FORMAT, RESUME) VALUES('000130', 'html', '<!DOCTYPE HTML PUBLIC "-//IETF//DTD HTML 3//EN">
<HTML><HEAD>
<TITLE>Resume:  Delores M. Quintana</TITLE>
<!-- Begin Header Records  ========================================== -->
<!-- DB200130 SCRIPT A converted by B2H R4.1 (346) (CMS) by MJA at    -->
<!-- RCHVMW2 on 16 Aug 2000 at 11:35:23                               -->
<META HTTP-EQUIV="updated" CONTENT="Wed, 16 Aug 2000 11:33:57">
<META HTTP-EQUIV="review" CONTENT="Thu, 16 Aug 2001 11:33:57">
<META HTTP-EQUIV="expires" CONTENT="Fri, 16 Aug 2002 11:33:57">
</HEAD><BODY>
<!-- End Header Records  ============================================ -->
<A NAME="Top_Of_Page"></A>
<H1>Resume:  Delores M. Quintana</H1>
<HR><H2><A NAME="ToC">Table of Contents</A></H2>
<A NAME="ToC_1" HREF="#Header_1">Resume:  Delores M. Quintana</A><BR>
<A NAME="ToC_2" HREF="#Header_2">Personal Information</A><BR>
<A NAME="ToC_3" HREF="#Header_3">Department Information</A><BR>
<A NAME="ToC_4" HREF="#Header_4">Education</A><BR>
<A NAME="ToC_5" HREF="#Header_5">Work History</A><BR>
<A NAME="ToC_6" HREF="#Header_6">Interests</A><BR>
<HR><P>
<P>
<H3><A NAME="Header_1">Resume:  Delores M. Quintana</A></H3>
<P>
<H3><A NAME="Header_2">Personal Information</A></H3>
<DL COMPACT>
<DT>Address:
<DD>1150 Eglinton Ave
<BR>
Mellonville, Idaho 83725
<DT>Phone:
<DD>(208) 875-9933
<DT>Birthdate:
<DD>September 15, 1925
<DT>Sex:
<DD>Female
<DT>Marital Status:
<DD>Married
<DT>Height:
<DD>5''''2"
<DT>Weight:
<DD>120 lbs.
</DL>
<P>
<H3><A NAME="Header_3">Department Information</A></H3>
<DL COMPACT>
<DT>Employee Number:
<DD>000130
<DT>Dept Number:
<DD>C01
<DT>Manager:
<DD>Sally Kwan
<DT>Position:
<DD>Analyst
<DT>Phone:
<DD>(208) 385-4578
<DT>Hire Date:
<DD>1971-07-28
</DL>
<P>
<H3><A NAME="Header_4">Education</A></H3>
<DL>
<P><DT>1965
<DD>Math and English, B.A.
<BR>
Adelphi University
<P><DT>1960
<DD>Dental Technician
<BR>
Florida Institute of Technology
</DL>
<P>
<H3><A NAME="Header_5">Work History</A></H3>
<DL>
<P><DT>10/91 - present
<DD>Advisory Systems Analyst
<BR>
Producing documentation tools for engineering department.
<P><DT>12/85 - 9/91
<DD>Technical Writer
<BR>
Writer, text programmer, and planner.
<P><DT>1/79 - 11/85
<DD>COBOL Payroll Programmer
<BR>
Writing payroll programs for a diesel fuel company.
</DL>
<P>
<H3><A NAME="Header_6">Interests</A></H3>
<UL COMPACT>
<LI>Cooking
<LI>Reading
<LI>Sewing
<LI>Remodeling
</UL>
<A NAME="Bot_Of_Page"></A>
</BODY></HTML>
');
INSERT INTO EMP_RESUME (EMPNO, RESUME_FORMAT, RESUME) VALUES('000140', 'ascii', ' 
 
  Resume:  Heather A. Nicholls
 
 
  Personal Information
 
  Address:            844 Don Mills Ave
                      Mellonville, Idaho 83734
  Phone:              (208) 610-2310
  Birthdate:          January 19, 1946
  Sex:                Female
  Marital Status:     Single
  Height:             5''''8"
  Weight:             130 lbs.
 
 
  Department Information
 
  Employee Number:    000140
  Dept Number:        C01
  Manager:            Sally Kwan
  Position:           Analyst
  Phone:              (208) 385-1793
  Hire Date:          1976-12-15
 
 
  Education
 
  1972                Computer Engineering, Ph.D.
                      University of Washington
 
  1969                Music and Physics, B.A.
                      Vassar College
 
 
  Work History
 
  2/83 - present      Architect, OCR Development
                      Designing the architecture of OCR products.
 
  12/76 - 1/83        Text Programmer
                      Optical character recognition (OCR) programming in
                      PL/I.
 
  9/72 - 11/76        Punch Card Quality Analyst
                      Checking punch cards met quality specifications.
 
 
  Interests
 
  o   Model railroading
  o   Interior decorating
  o   Embroidery
  o   Knitting
');
INSERT INTO EMP_RESUME (EMPNO, RESUME_FORMAT, RESUME) VALUES('000140', 'html', '<!DOCTYPE HTML PUBLIC "-//IETF//DTD HTML 3//EN">
<HTML><HEAD>
<TITLE>Resume:  Heather A. Nicholls</TITLE>
<!-- Begin Header Records  ========================================== -->
<!-- DB200140 SCRIPT A converted by B2H R4.1 (346) (CMS) by MJA at    -->
<!-- RCHVMW2 on 16 Aug 2000 at 11:35:21                               -->
<META HTTP-EQUIV="updated" CONTENT="Wed, 16 Aug 2000 11:34:17">
<META HTTP-EQUIV="review" CONTENT="Thu, 16 Aug 2001 11:34:17">
<META HTTP-EQUIV="expires" CONTENT="Fri, 16 Aug 2002 11:34:17">
</HEAD><BODY>
<!-- End Header Records  ============================================ -->
<A NAME="Top_Of_Page"></A>
<H1>Resume:  Heather A. Nicholls</H1>
<HR><H2><A NAME="ToC">Table of Contents</A></H2>
<A NAME="ToC_1" HREF="#Header_1">Resume:  Heather A. Nicholls</A><BR>
<A NAME="ToC_2" HREF="#Header_2">Personal Information</A><BR>
<A NAME="ToC_3" HREF="#Header_3">Department Information</A><BR>
<A NAME="ToC_4" HREF="#Header_4">Education</A><BR>
<A NAME="ToC_5" HREF="#Header_5">Work History</A><BR>
<A NAME="ToC_6" HREF="#Header_6">Interests</A><BR>
<HR><P>
<P>
<H3><A NAME="Header_1">Resume:  Heather A. Nicholls</A></H3>
<P>
<H3><A NAME="Header_2">Personal Information</A></H3>
<DL COMPACT>
<DT>Address:
<DD>844 Don Mills Ave
<BR>
Mellonville, Idaho 83734
<DT>Phone:
<DD>(208) 610-2310
<DT>Birthdate:
<DD>January 19, 1946
<DT>Sex:
<DD>Female
<DT>Marital Status:
<DD>Single
<DT>Height:
<DD>5''''8"
<DT>Weight:
<DD>130 lbs.
</DL>
<P>
<H3><A NAME="Header_3">Department Information</A></H3>
<DL COMPACT>
<DT>Employee Number:
<DD>000140
<DT>Dept Number:
<DD>C01
<DT>Manager:
<DD>Sally Kwan
<DT>Position:
<DD>Analyst
<DT>Phone:
<DD>(208) 385-1793
<DT>Hire Date:
<DD>1976-12-15
</DL>
<P>
<H3><A NAME="Header_4">Education</A></H3>
<DL>
<P><DT>1972
<DD>Computer Engineering, Ph.D.
<BR>
University of Washington
<P><DT>1969
<DD>Music and Physics, B.A.
<BR>
Vassar College
</DL>
<P>
<H3><A NAME="Header_5">Work History</A></H3>
<DL>
<P><DT>2/83 - present
<DD>Architect, OCR Development
<BR>
Designing the architecture of OCR products.
<P><DT>12/76 - 1/83
<DD>Text Programmer
<BR>
Optical character recognition (OCR) programming in PL/I.
<P><DT>9/72 - 11/76
<DD>Punch Card Quality Analyst
<BR>
Checking punch cards met quality specifications.
</DL>
<P>
<H3><A NAME="Header_6">Interests</A></H3>
<UL COMPACT>
<LI>Model railroading
<LI>Interior decorating
<LI>Embroidery
<LI>Knitting
</UL>
<A NAME="Bot_Of_Page"></A>
</BODY></HTML>
');
INSERT INTO EMP_RESUME (EMPNO, RESUME_FORMAT, RESUME) VALUES('000150', 'ascii', ' 
 
  Resume:  Bruce Adamson
 
 
  Personal Information
 
  Address:            3600 Steeles Ave
                      Mellonville, Idaho 83757
  Phone:              (208) 725-4489
  Birthdate:          May 17, 1947
  Sex:                Male
  Marital Status:     Married
  Height:             6''''0"
  Weight:             175 lbs.
 
 
  Department Information
 
  Employee Number:    000150
  Dept Number:        D11
  Manager:            Irving Stern
  Position:           Designer
  Phone:              (208) 385-4510
  Hire Date:          1972-02-12
 
 
  Education
 
  1971                Environmental Engineering, M.Sc.
                      Johns Hopkins University
 
  1968                American History, B.A.
                      Northwestern University
 
 
  Work History
 
  8/79 - present      Neural Network Design
                      Developing neural networks for machine
                      intelligence products.
 
  2/72 - 7/79         Robot Vision Development
                      Developing rule-based systems to emulate sight.
 
  9/71 - 1/72         Numerical Integration Specialist
                      Helping bank systems communicate with each other.
 
 
  Interests
 
  o   Racing motorcycles
  o   Building loudspeakers
  o   Assembling personal computers
  o   Sketching
');
INSERT INTO EMP_RESUME (EMPNO, RESUME_FORMAT, RESUME) VALUES('000150', 'html', '<!DOCTYPE HTML PUBLIC "-//IETF//DTD HTML 3//EN">
<HTML><HEAD>
<TITLE>Resume:  Bruce Adamson</TITLE>
<!-- Begin Header Records  ========================================== -->
<!-- DB200150 SCRIPT A converted by B2H R4.1 (346) (CMS) by MJA at    -->
<!-- RCHVMW2 on 16 Aug 2000 at 11:35:21                               -->
<META HTTP-EQUIV="updated" CONTENT="Wed, 16 Aug 2000 11:34:39">
<META HTTP-EQUIV="review" CONTENT="Thu, 16 Aug 2001 11:34:39">
<META HTTP-EQUIV="expires" CONTENT="Fri, 16 Aug 2002 11:34:39">
</HEAD><BODY>
<!-- End Header Records  ============================================ -->
<A NAME="Top_Of_Page"></A>
<H1>Resume:  Bruce Adamson</H1>
<HR><H2><A NAME="ToC">Table of Contents</A></H2>
<A NAME="ToC_1" HREF="#Header_1">Resume:  Bruce Adamson</A><BR>
<A NAME="ToC_2" HREF="#Header_2">Personal Information</A><BR>
<A NAME="ToC_3" HREF="#Header_3">Department Information</A><BR>
<A NAME="ToC_4" HREF="#Header_4">Education</A><BR>
<A NAME="ToC_5" HREF="#Header_5">Work History</A><BR>
<A NAME="ToC_6" HREF="#Header_6">Interests</A><BR>
<HR><P>
<P>
<H3><A NAME="Header_1">Resume:  Bruce Adamson</A></H3>
<P>
<H3><A NAME="Header_2">Personal Information</A></H3>
<DL COMPACT>
<DT>Address:
<DD>3600 Steeles Ave
<BR>
Mellonville, Idaho 83757
<DT>Phone:
<DD>(208) 725-4489
<DT>Birthdate:
<DD>May 17, 1947
<DT>Sex:
<DD>Male
<DT>Marital Status:
<DD>Married
<DT>Height:
<DD>6''''0"
<DT>Weight:
<DD>175 lbs.
</DL>
<P>
<H3><A NAME="Header_3">Department Information</A></H3>
<DL COMPACT>
<DT>Employee Number:
<DD>000150
<DT>Dept Number:
<DD>D11
<DT>Manager:
<DD>Irving Stern
<DT>Position:
<DD>Designer
<DT>Phone:
<DD>(208) 385-4510
<DT>Hire Date:
<DD>1972-02-12
</DL>
<P>
<H3><A NAME="Header_4">Education</A></H3>
<DL>
<P><DT>1971
<DD>Environmental Engineering, M.Sc.
<BR>
Johns Hopkins University
<P><DT>1968
<DD>American History, B.A.
<BR>
Northwestern University
</DL>
<P>
<H3><A NAME="Header_5">Work History</A></H3>
<DL>
<P><DT>8/79 - present
<DD>Neural Network Design
<BR>
Developing neural networks for machine intelligence products.
<P><DT>2/72 - 7/79
<DD>Robot Vision Development
<BR>
Developing rule-based systems to emulate sight.
<P><DT>9/71 - 1/72
<DD>Numerical Integration Specialist
<BR>
Helping bank systems communicate with each other.
</DL>
<P>
<H3><A NAME="Header_6">Interests</A></H3>
<UL COMPACT>
<LI>Racing motorcycles
<LI>Building loudspeakers
<LI>Assembling personal computers
<LI>Sketching
</UL>
<A NAME="Bot_Of_Page"></A>
</BODY></HTML>
');
INSERT INTO EMP_RESUME (EMPNO, RESUME_FORMAT, RESUME) VALUES('000190', 'ascii', ' 
 
  Resume:  James H. Walker
 
 
  Personal Information
 
  Address:            3500 Steeles Ave
                      Mellonville, Idaho 83757
  Phone:              (208) 725-7325
  Birthdate:          June 25, 1952
  Sex:                Male
  Marital Status:     Single
  Height:             5''''11"
  Weight:             166 lbs.
 
 
  Department Information
 
  Employee Number:    000190
  Dept Number:        D11
  Manager:            Irving Stern
  Position:           Designer
  Phone:              (208) 385-2986
  Hire Date:          1974-07-26
 
 
  Education
 
  1974                Computer Studies, B.Sc.
                      University of Massachusetts
 
  1972                Linguistic Anthropology, B.A.
                      University of Toronto
 
 
  Work History
 
  6/87 - present      Microcode Design
                      Optimizing algorithms for mathematical functions.
 
  4/77 - 5/87         Printer Technical Support
                      Installing and supporting laser printers.
 
  9/74 - 3/77         Maintenance Programming
                      Patching assembly language compiler for
                      mainframes.
 
 
  Interests
 
  o   Wine tasting
  o   Skiing
  o   Swimming
  o   Dancing
');
INSERT INTO EMP_RESUME (EMPNO, RESUME_FORMAT, RESUME) VALUES('000190', 'html', '<!DOCTYPE HTML PUBLIC "-//IETF//DTD HTML 3//EN">
<HTML><HEAD>
<TITLE>Resume:  James H. Walker</TITLE>
<!-- Begin Header Records  ========================================== -->
<!-- DB200190 SCRIPT A converted by B2H R4.1 (346) (CMS) by MJA at    -->
<!-- RCHVMW2 on 16 Aug 2000 at 11:35:20                               -->
<META HTTP-EQUIV="updated" CONTENT="Wed, 16 Aug 2000 11:34:59">
<META HTTP-EQUIV="review" CONTENT="Thu, 16 Aug 2001 11:34:59">
<META HTTP-EQUIV="expires" CONTENT="Fri, 16 Aug 2002 11:34:59">
</HEAD><BODY>
<!-- End Header Records  ============================================ -->
<A NAME="Top_Of_Page"></A>
<H1>Resume:  James H. Walker</H1>
<HR><H2><A NAME="ToC">Table of Contents</A></H2>
<A NAME="ToC_1" HREF="#Header_1">Resume:  James H. Walker</A><BR>
<A NAME="ToC_2" HREF="#Header_2">Personal Information</A><BR>
<A NAME="ToC_3" HREF="#Header_3">Department Information</A><BR>
<A NAME="ToC_4" HREF="#Header_4">Education</A><BR>
<A NAME="ToC_5" HREF="#Header_5">Work History</A><BR>
<A NAME="ToC_6" HREF="#Header_6">Interests</A><BR>
<HR><P>
<P>
<H3><A NAME="Header_1">Resume:  James H. Walker</A></H3>
<P>
<H3><A NAME="Header_2">Personal Information</A></H3>
<DL COMPACT>
<DT>Address:
<DD>3500 Steeles Ave
<BR>
Mellonville, Idaho 83757
<DT>Phone:
<DD>(208) 725-7325
<DT>Birthdate:
<DD>June 25, 1952
<DT>Sex:
<DD>Male
<DT>Marital Status:
<DD>Single
<DT>Height:
<DD>5''''11"
<DT>Weight:
<DD>166 lbs.
</DL>
<P>
<H3><A NAME="Header_3">Department Information</A></H3>
<DL COMPACT>
<DT>Employee Number:
<DD>000190
<DT>Dept Number:
<DD>D11
<DT>Manager:
<DD>Irving Stern
<DT>Position:
<DD>Designer
<DT>Phone:
<DD>(208) 385-2986
<DT>Hire Date:
<DD>1974-07-26
</DL>
<P>
<H3><A NAME="Header_4">Education</A></H3>
<DL>
<P><DT>1974
<DD>Computer Studies, B.Sc.
<BR>
University of Massachusetts
<P><DT>1972
<DD>Linguistic Anthropology, B.A.
<BR>
University of Toronto
</DL>
<P>
<H3><A NAME="Header_5">Work History</A></H3>
<DL>
<P><DT>6/87 - present
<DD>Microcode Design
<BR>
Optimizing algorithms for mathematical functions.
<P><DT>4/77 - 5/87
<DD>Printer Technical Support
<BR>
Installing and supporting laser printers.
<P><DT>9/74 - 3/77
<DD>Maintenance Programming
<BR>
Patching assembly language compiler for mainframes.
</DL>
<P>
<H3><A NAME="Header_6">Interests</A></H3>
<UL COMPACT>
<LI>Wine tasting
<LI>Skiing
<LI>Swimming
<LI>Dancing
</UL>
<A NAME="Bot_Of_Page"></A>
</BODY></HTML>
');


