INSERT INTO CLIENTE (IDCLIENTE, RFC, NOMBRE, CALLE, NUMERO, COLONIA, CP, MUNICIPIO, LADA1, TELEFONO1, LADA2, TELEFONO2, SALDO) VALUES(1, 'ITE570731PS9', 'ITESO', 'PERIFERICO SUR MANUEL GOMEZ MORIN', '8585', 'ITESO', '45604', 'MANZANILLO', '33', '3669-3434', '33', '3669-3511', 2000);

INSERT INTO CLIENTE (IDCLIENTE, RFC, NOMBRE, CALLE, NUMERO, COLONIA, CP, MUNICIPIO, LADA1, TELEFONO1, LADA2, TELEFONO2, SALDO) VALUES(2, 'MAS485735MH5', 'NAOSA', 'LÁZARO CÁRDENAS', '2603', 'MERCADO DE ABASTOS', '44550', 'COLIMA', '33', '3644-2360', NULL, NULL, 5000);

INSERT INTO CLIENTE (IDCLIENTE, RFC, NOMBRE, CALLE, NUMERO, COLONIA, CP, MUNICIPIO, LADA1, TELEFONO1, LADA2, TELEFONO2, SALDO) VALUES(3, 'YTR129578HG9', 'REFACCIONARIA TORRES', 'ESTEBAN A LA TORRE', '1640', 'SAN JUAN BOSCO', '44380', 'COLIMA', '33', '3671-0071', NULL, NULL, 7000);

INSERT INTO CLIENTE (IDCLIENTE, RFC, NOMBRE, CALLE, NUMERO, COLONIA, CP, MUNICIPIO, LADA1, TELEFONO1, LADA2, TELEFONO2, SALDO) VALUES(4, 'BGF578496HB5', 'ALPE AUTOMOTRIZ', 'CALZADA LOMAS', '259', 'ALAMO', '45560', 'MANZANILLO', '33', '3693-4545', NULL, NULL, 15000);

INSERT INTO CLIENTE (IDCLIENTE, RFC, NOMBRE, CALLE, NUMERO, COLONIA, CP, MUNICIPIO, LADA1, TELEFONO1, LADA2, TELEFONO2, SALDO) VALUES(5, 'EDR543212YY7', 'VALDENMARK DE MEXICO SA DE CV', 'INDEPENDENCIA', '135', 'ZAPOPAN CENTRO', '45100', 'ZAPOPAN', '33', '1578-0697', NULL, NULL, 3500);

INSERT INTO CLIENTE (IDCLIENTE, RFC, NOMBRE, CALLE, NUMERO, COLONIA, CP, MUNICIPIO, LADA1, TELEFONO1, LADA2, TELEFONO2, SALDO) VALUES(6, 'LIZ68497512P', 'LIZEN MOTORS', 'PATRIA', '742', 'JARDINES DE LA PATRIA', '45110', 'ZAPOPAN', '33', '3648-5677', '33', '3658-2925', 8000);

INSERT INTO CLIENTE (IDCLIENTE, RFC, NOMBRE, CALLE, NUMERO, COLONIA, CP, MUNICIPIO, LADA1, TELEFONO1, LADA2, TELEFONO2, SALDO) VALUES(7, 'RTE5466789P9', 'REPARAPRONTO', 'BELEN', '575', 'VILLA TLALPAN', '14000', 'GUADALAJARA', '55', '5556-0859', NULL, NULL, 9500);

INSERT INTO CLIENTE (IDCLIENTE, RFC, NOMBRE, CALLE, NUMERO, COLONIA, CP, MUNICIPIO, LADA1, TELEFONO1, LADA2, TELEFONO2, SALDO) VALUES(8, 'GHY875943P65', 'MONROY TALLER', 'ARCOS DEL TRIUNFO', '407', 'PLAYA BLANCA', '28219', 'TLAQUEPAQUE', '314', '314-8985', NULL, NULL, 1800);

INSERT INTO CLIENTE (IDCLIENTE, RFC, NOMBRE, CALLE, NUMERO, COLONIA, CP, MUNICIPIO, LADA1, TELEFONO1, LADA2, TELEFONO2, SALDO) VALUES(9, 'SPR6754989PP1', 'SUPER Auto', 'LOPEZ COTILLA', '221', 'COLIMA CENTRO', '28000', 'AMECA', '312', '312-4446', NULL, NULL, 1500);

INSERT INTO CLIENTE (IDCLIENTE, RFC, NOMBRE, CALLE, NUMERO, COLONIA, CP, MUNICIPIO, LADA1, TELEFONO1, LADA2, TELEFONO2, SALDO) VALUES(10, 'TAL457824WS1', 'TALLER MARTÍNEZ', 'VICENTE GUERRERO', '240', 'AMECA CENTRO', '46600', 'TLALPAN', '375', '375-3215', NULL, NULL, 750);





INSERT INTO PROVEEDOR (IDPROVEEDOR, RFC, NOMBRE, CALLE, NUMERO, COLONIA, REFERENCIAS, CP, MUNICIPIO, LADA, TELEFONO) VALUES(1, 'PRO1387004M1', 'PRO Europartes S.A. de C.V.', 'AV 8 DE JULIO', '1874', 'SANTA MARIA TEQUEPEXPAN', '', '4912', 'TLAQUEPAQUE', '33', '36673529');

INSERT INTO PROVEEDOR (IDPROVEEDOR, RFC, NOMBRE, CALLE, NUMERO, COLONIA, REFERENCIAS, CP, MUNICIPIO, LADA, TELEFONO) VALUES(2, 'ALE1238544D8', 'Partes Autmotrices SA. de C.V.', 'BELEN', '8900', 'VILLA TLALPAN', '', '14000', 'TLALPAN', '55', '55893478');

INSERT INTO PROVEEDOR (IDPROVEEDOR, RFC, NOMBRE, CALLE, NUMERO, COLONIA, REFERENCIAS, CP, MUNICIPIO, LADA, TELEFONO) VALUES(3, 'BRO1562010AA', 'El Bronco Autopartes SA. de C.V', 'LOMA BONITA', '1883', 'INDEPENDENCIA PONIENTE', '', '44290', 'GUADALAJARA', '33', '14784007');

INSERT INTO PROVEEDOR (IDPROVEEDOR, RFC, NOMBRE, CALLE, NUMERO, COLONIA, REFERENCIAS, CP, MUNICIPIO, LADA, TELEFONO) VALUES(4, 'RAG1387004ZX', 'RANGER AUTOPARTES SA DE CV', 'NICOLAS ROMERO', '453', 'VILLASEÑOR', '', '44600', 'GUADALAJARA', '33', '38252579');

INSERT INTO PROVEEDOR (IDPROVEEDOR, RFC, NOMBRE, CALLE, NUMERO, COLONIA, REFERENCIAS, CP, MUNICIPIO, LADA, TELEFONO) VALUES(5, 'ASP2589871AS3', 'AUTOPARTES DE SUSPENSIONES', 'LOPEZ COTILLA', '21', 'COLIMA CENTRO', '', '28000', 'COLIMA', '312', '3124321');

INSERT INTO PROVEEDOR (IDPROVEEDOR, RFC, NOMBRE, CALLE, NUMERO, COLONIA, REFERENCIAS, CP, MUNICIPIO, LADA, TELEFONO) VALUES(6, 'BSP123456US2', 'Brake Specialists', 'GESSNER DRIVE', '7928', 'TRAVIS', '', '78701', 'AUSTIN', '52', '3397322');

INSERT INTO PROVEEDOR (IDPROVEEDOR, RFC, NOMBRE, CALLE, NUMERO, COLONIA, REFERENCIAS, CP, MUNICIPIO, LADA, TELEFONO) VALUES(7, 'AGA654321US1', 'Advantage Garage', 'SAN JACINTO', '3900', 'HARRIS', '', '77002', 'HOUSTON', '52', '3398910');




INSERT INTO CONTACTO_PROVEEDOR (IDPROVEEDOR, IDCONTACTO, NOMBRE, APPATERNO, APMATERNO, CARGO, EXTENSION, LADA2, TELEFONO2) VALUES(1, 1, 'Jorge', 'Aguilar', '', 'Encargado de ventas', '321', '', '');

INSERT INTO CONTACTO_PROVEEDOR (IDPROVEEDOR, IDCONTACTO, NOMBRE, APPATERNO, APMATERNO, CARGO, EXTENSION, LADA2, TELEFONO2) VALUES(1, 2, 'Norma', 'Pérez', '', 'Auxiliar de almacén', '449', '', '');

INSERT INTO CONTACTO_PROVEEDOR (IDPROVEEDOR, IDCONTACTO, NOMBRE, APPATERNO, APMATERNO, CARGO, EXTENSION, LADA2, TELEFONO2) VALUES(1, 3, 'Juan', 'Ornelas', '', 'Encargado de mercadotécnia', '72', '', '');

INSERT INTO CONTACTO_PROVEEDOR (IDPROVEEDOR, IDCONTACTO, NOMBRE, APPATERNO, APMATERNO, CARGO, EXTENSION, LADA2, TELEFONO2) VALUES(2, 1, 'Luís', 'Hernández', '', 'Ventas', '54', '55', '12345678');

INSERT INTO CONTACTO_PROVEEDOR (IDPROVEEDOR, IDCONTACTO, NOMBRE, APPATERNO, APMATERNO, CARGO, EXTENSION, LADA2, TELEFONO2) VALUES(3, 1, 'Alma', 'Reyes', '', 'Ventas', '12', '', '');

INSERT INTO CONTACTO_PROVEEDOR (IDPROVEEDOR, IDCONTACTO, NOMBRE, APPATERNO, APMATERNO, CARGO, EXTENSION, LADA2, TELEFONO2) VALUES(3, 2, 'Yuridia', 'Rojas', '', 'Ventas', '66', '33', '14561237');

INSERT INTO CONTACTO_PROVEEDOR (IDPROVEEDOR, IDCONTACTO, NOMBRE, APPATERNO, APMATERNO, CARGO, EXTENSION, LADA2, TELEFONO2) VALUES(4, 1, 'Lupita', 'Nieves', '', 'Encargado de ventas', '49', '', '');

INSERT INTO CONTACTO_PROVEEDOR (IDPROVEEDOR, IDCONTACTO, NOMBRE, APPATERNO, APMATERNO, CARGO, EXTENSION, LADA2, TELEFONO2) VALUES(4, 2, 'Bernardo', 'Díaz', '', 'Encargado de ventas', '78', '', '');

INSERT INTO CONTACTO_PROVEEDOR (IDPROVEEDOR, IDCONTACTO, NOMBRE, APPATERNO, APMATERNO, CARGO, EXTENSION, LADA2, TELEFONO2) VALUES(4, 3, 'Bruno', 'González', '', 'Encargado de ventas', '456', '33', '14565877');

INSERT INTO CONTACTO_PROVEEDOR (IDPROVEEDOR, IDCONTACTO, NOMBRE, APPATERNO, APMATERNO, CARGO, EXTENSION, LADA2, TELEFONO2) VALUES(4, 4, 'Alfredo', 'Casillas', '', 'Auxiliar de almacén', '159', '', '');

INSERT INTO CONTACTO_PROVEEDOR (IDPROVEEDOR, IDCONTACTO, NOMBRE, APPATERNO, APMATERNO, CARGO, EXTENSION, LADA2, TELEFONO2) VALUES(4, 5, 'Olga', 'Huerta', '', 'Encargado de mercadotécnia', '2497', '', '');

INSERT INTO CONTACTO_PROVEEDOR (IDPROVEEDOR, IDCONTACTO, NOMBRE, APPATERNO, APMATERNO, CARGO, EXTENSION, LADA2, TELEFONO2) VALUES(4, 6, 'Emilio', 'García', '', 'Ventas', '3603', '', '');

INSERT INTO CONTACTO_PROVEEDOR (IDPROVEEDOR, IDCONTACTO, NOMBRE, APPATERNO, APMATERNO, CARGO, EXTENSION, LADA2, TELEFONO2) VALUES(5, 1, 'Pedro', 'López', '', 'Encargado de ventas', '3129', '312', '4569990');

INSERT INTO CONTACTO_PROVEEDOR (IDPROVEEDOR, IDCONTACTO, NOMBRE, APPATERNO, APMATERNO, CARGO, EXTENSION, LADA2, TELEFONO2) VALUES(6, 1, 'Nancy', 'Fuller', '', 'Sales', '25', '', '');

INSERT INTO CONTACTO_PROVEEDOR (IDPROVEEDOR, IDCONTACTO, NOMBRE, APPATERNO, APMATERNO, CARGO, EXTENSION, LADA2, TELEFONO2) VALUES(7, 1, 'Steven', 'King', '', 'Sales', '13', '', '');




INSERT INTO GRUPO (IDGRUPO, NOMBRE, LINEA, UNIDAD) VALUES(1, 'AMORTIGUADOR', 'SUSPENSION', 'PIEZA');

INSERT INTO GRUPO (IDGRUPO, NOMBRE, LINEA, UNIDAD) VALUES(2, 'ANILLOS', 'MOTOR', 'PIEZA');

INSERT INTO GRUPO (IDGRUPO, NOMBRE, LINEA, UNIDAD) VALUES(3, 'BALATAS', 'FRENOS', 'CAJA');

INSERT INTO GRUPO (IDGRUPO, NOMBRE, LINEA, UNIDAD) VALUES(4, 'BALEROS', 'FRENOS', 'PIEZA');

INSERT INTO GRUPO (IDGRUPO, NOMBRE, LINEA, UNIDAD) VALUES(5, 'BOMBA ACEITE', 'MOTOR', 'PIEZA');

INSERT INTO GRUPO (IDGRUPO, NOMBRE, LINEA, UNIDAD) VALUES(6, 'BUJIAS', 'AFINACION', 'CAJA');

INSERT INTO GRUPO (IDGRUPO, NOMBRE, LINEA, UNIDAD) VALUES(7, 'CILINDRO MAESTRO CLUTCH', 'TRANSMISION', 'PIEZA');

INSERT INTO GRUPO (IDGRUPO, NOMBRE, LINEA, UNIDAD) VALUES(8, 'FILTRO AIRE', 'AFINACION', 'PIEZA');

INSERT INTO GRUPO (IDGRUPO, NOMBRE, LINEA, UNIDAD) VALUES(9, 'RETEN', 'TRANSMISION', 'PIEZA');

INSERT INTO GRUPO (IDGRUPO, NOMBRE, LINEA, UNIDAD) VALUES(10, 'ROTULAS', 'SUSPENSION', 'PIEZA');




INSERT INTO ESTANDAR (IDESTANDAR, NOMBRE) VALUES(1, '24');

INSERT INTO ESTANDAR (IDESTANDAR, NOMBRE) VALUES(2, '5791');

INSERT INTO ESTANDAR (IDESTANDAR, NOMBRE) VALUES(3, '32194');

INSERT INTO ESTANDAR (IDESTANDAR, NOMBRE) VALUES(4, '126760');

INSERT INTO ESTANDAR (IDESTANDAR, NOMBRE) VALUES(5, '326570');

INSERT INTO ESTANDAR (IDESTANDAR, NOMBRE) VALUES(6, 'CA5000');

INSERT INTO ESTANDAR (IDESTANDAR, NOMBRE) VALUES(7, 'CA7351');

INSERT INTO ESTANDAR (IDESTANDAR, NOMBRE) VALUES(8, 'D668');

INSERT INTO ESTANDAR (IDESTANDAR, NOMBRE) VALUES(9, 'D789');

INSERT INTO ESTANDAR (IDESTANDAR, NOMBRE) VALUES(10, 'FM510015');

INSERT INTO ESTANDAR (IDESTANDAR, NOMBRE) VALUES(11, 'GB344');

INSERT INTO ESTANDAR (IDESTANDAR, NOMBRE) VALUES(12, 'M81A');

INSERT INTO ESTANDAR (IDESTANDAR, NOMBRE) VALUES(13, 'SET1');

INSERT INTO ESTANDAR (IDESTANDAR, NOMBRE) VALUES(14, 'VC211');




INSERT INTO PRODUCTO (IDPRODUCTO, IDGRUPO, MARCA, CLAVE_EXTERNA, UBICACION, PRECIO, EXISTENCIAS, IDESTANDAR) VALUES (17909, 06, 'AUTOLITE', '24', '', 45.5, 011, 01);

INSERT INTO PRODUCTO (IDPRODUCTO, IDGRUPO, MARCA, CLAVE_EXTERNA, UBICACION, PRECIO, EXISTENCIAS, IDESTANDAR) VALUES (16234, 06, 'ACDELCO', '24', '', 45.5, 010, 01);

INSERT INTO PRODUCTO (IDPRODUCTO, IDGRUPO, MARCA, CLAVE_EXTERNA, UBICACION, PRECIO, EXISTENCIAS, IDESTANDAR) VALUES (18615, 01, 'MONROE', '5791', '',  1183, 015, 02);

INSERT INTO PRODUCTO (IDPRODUCTO, IDGRUPO, MARCA, CLAVE_EXTERNA, UBICACION, PRECIO, EXISTENCIAS, IDESTANDAR) VALUES (15185, 01, 'MONROE', '5791', '',  1419.6, 020, 03);

INSERT INTO PRODUCTO (IDPRODUCTO, IDGRUPO, MARCA, CLAVE_EXTERNA, UBICACION, PRECIO, EXISTENCIAS, IDESTANDAR) VALUES (20614, 9, 'ROADSTAR', '16040', '',  68.25, 10, 5);

INSERT INTO PRODUCTO (IDPRODUCTO, IDGRUPO, MARCA, CLAVE_EXTERNA, UBICACION, PRECIO, EXISTENCIAS, IDESTANDAR) VALUES (10164, 9, 'FEDERAL MOGUL', '130505', '',  68.25, 6, 5);

INSERT INTO PRODUCTO (IDPRODUCTO, IDGRUPO, MARCA, CLAVE_EXTERNA, UBICACION, PRECIO, EXISTENCIAS, IDESTANDAR) VALUES (15926, 10, 'CARTEK', '131405371G', '',  145.60, 10, 11);

INSERT INTO PRODUCTO (IDPRODUCTO, IDGRUPO, MARCA, CLAVE_EXTERNA, UBICACION, PRECIO, EXISTENCIAS, IDESTANDAR) VALUES (20156, 2, 'CARPRO', '9123KXSTD', '',  45.50, 8, 14);

INSERT INTO PRODUCTO (IDPRODUCTO, IDGRUPO, MARCA, CLAVE_EXTERNA, UBICACION, PRECIO, EXISTENCIAS, IDESTANDAR) VALUES (16986, 8, 'MONROE', 'CA7351', '',  50.05, 10, 7);

INSERT INTO PRODUCTO (IDPRODUCTO, IDGRUPO, MARCA, CLAVE_EXTERNA, UBICACION, PRECIO, EXISTENCIAS, IDESTANDAR) VALUES (13142, 8, 'MONROE', 'CA7351', '',  50.96, 10, 6);

INSERT INTO PRODUCTO (IDPRODUCTO, IDGRUPO, MARCA, CLAVE_EXTERNA, UBICACION, PRECIO, EXISTENCIAS, IDESTANDAR) VALUES (10658, 7, 'CONI SEAL', 'CM126760', '',  54.60, 9, 4);

INSERT INTO PRODUCTO (IDPRODUCTO, IDGRUPO, MARCA, CLAVE_EXTERNA, UBICACION, PRECIO, EXISTENCIAS, IDESTANDAR) VALUES (15920, 4, 'FEDERAL MOGUL', 'FM510015', '',  182, 10, 10);

INSERT INTO PRODUCTO (IDPRODUCTO, IDGRUPO, MARCA, CLAVE_EXTERNA, UBICACION, PRECIO, EXISTENCIAS, IDESTANDAR) VALUES (13111, 10, 'HOLBERT', 'K9083', '',  68.25, 8, 11);

INSERT INTO PRODUCTO (IDPRODUCTO, IDGRUPO, MARCA, CLAVE_EXTERNA, UBICACION, PRECIO, EXISTENCIAS, IDESTANDAR) VALUES (19460, 7, 'LODI', 'LC98895', '',  54.60, 10, 4);

INSERT INTO PRODUCTO (IDPRODUCTO, IDGRUPO, MARCA, CLAVE_EXTERNA, UBICACION, PRECIO, EXISTENCIAS, IDESTANDAR) VALUES (19585, 3, 'CARPRO', 'M7546Z', '',  122.85, 6, 8);

INSERT INTO PRODUCTO (IDPRODUCTO, IDGRUPO, MARCA, CLAVE_EXTERNA, UBICACION, PRECIO, EXISTENCIAS, IDESTANDAR) VALUES (10471, 3, 'FRITEC', 'M7546Z', '',  127.40, 8, 9);

INSERT INTO PRODUCTO (IDPRODUCTO, IDGRUPO, MARCA, CLAVE_EXTERNA, UBICACION, PRECIO, EXISTENCIAS, IDESTANDAR) VALUES (14470, 5, 'FRITEC', 'M81A', '',  91, 17, 12);

INSERT INTO PRODUCTO (IDPRODUCTO, IDGRUPO, MARCA, CLAVE_EXTERNA, UBICACION, PRECIO, EXISTENCIAS, IDESTANDAR) VALUES (14944, 4, 'TIMKEN', 'SET1', '',  172.90, 10, 13);



INSERT INTO MODELO (IDMODELO, NOMBRE, FABRICANTE) VALUES(1, 'ASTRA', 'CHEVROLET');

INSERT INTO MODELO (IDMODELO, NOMBRE, FABRICANTE) VALUES(2, 'CHEVY', 'CHEVROLET');

INSERT INTO MODELO (IDMODELO, NOMBRE, FABRICANTE) VALUES(3, 'MALIBU', 'CHEVROLET');

INSERT INTO MODELO (IDMODELO, NOMBRE, FABRICANTE) VALUES(4, 'FIESTA', 'FORD');

INSERT INTO MODELO (IDMODELO, NOMBRE, FABRICANTE) VALUES(5, 'FOCUS', 'FORD');

INSERT INTO MODELO (IDMODELO, NOMBRE, FABRICANTE) VALUES(6, 'MUSTANG', 'FORD');

INSERT INTO MODELO (IDMODELO, NOMBRE, FABRICANTE) VALUES(7, 'ACCORD', 'HONDA');

INSERT INTO MODELO (IDMODELO, NOMBRE, FABRICANTE) VALUES(8, 'CR-V', 'HONDA');

INSERT INTO MODELO (IDMODELO, NOMBRE, FABRICANTE) VALUES(9, 'PILOT', 'HONDA');

INSERT INTO MODELO (IDMODELO, NOMBRE, FABRICANTE) VALUES(10, 'SENTRA', 'NISSAN');

INSERT INTO MODELO (IDMODELO, NOMBRE, FABRICANTE) VALUES(11, 'TSURU', 'NISSAN');

INSERT INTO MODELO (IDMODELO, NOMBRE, FABRICANTE) VALUES(12, 'X-TRAIL', 'NISSAN');

INSERT INTO MODELO (IDMODELO, NOMBRE, FABRICANTE) VALUES(13, 'BORA', 'VW');

INSERT INTO MODELO (IDMODELO, NOMBRE, FABRICANTE) VALUES(14, 'GOLF', 'VW');

INSERT INTO MODELO (IDMODELO, NOMBRE, FABRICANTE) VALUES(15, 'JETTA', 'VW');




INSERT INTO AUTOMOVIL (IDAUTOMOVIL, IDMODELO, ANIO, MOTOR) VALUES(1, 1, 2006, '4-2.0L');

INSERT INTO AUTOMOVIL (IDAUTOMOVIL, IDMODELO, ANIO, MOTOR) VALUES(2, 2, 2006, '4-1.6L');

INSERT INTO AUTOMOVIL (IDAUTOMOVIL, IDMODELO, ANIO, MOTOR) VALUES(3, 2, 2006, '4-1.8L');

INSERT INTO AUTOMOVIL (IDAUTOMOVIL, IDMODELO, ANIO, MOTOR) VALUES(4, 2, 2006, '4-1.8L');

INSERT INTO AUTOMOVIL (IDAUTOMOVIL, IDMODELO, ANIO, MOTOR) VALUES(5, 3, 2006, 'V6-3.5L');

INSERT INTO AUTOMOVIL (IDAUTOMOVIL, IDMODELO, ANIO, MOTOR) VALUES(6, 4, 2006, '4-1.6L');

INSERT INTO AUTOMOVIL (IDAUTOMOVIL, IDMODELO, ANIO, MOTOR) VALUES(7, 5, 2006, '4-2.0L');

INSERT INTO AUTOMOVIL (IDAUTOMOVIL, IDMODELO, ANIO, MOTOR) VALUES(8, 6, 2006, 'V8-4.6L');

INSERT INTO AUTOMOVIL (IDAUTOMOVIL, IDMODELO, ANIO, MOTOR) VALUES(9, 7, 2006, 'V6-3.0L');

INSERT INTO AUTOMOVIL (IDAUTOMOVIL, IDMODELO, ANIO, MOTOR) VALUES(10, 8, 2006, '4-2.4L');

INSERT INTO AUTOMOVIL (IDAUTOMOVIL, IDMODELO, ANIO, MOTOR) VALUES(11, 9, 2006, 'V6-3.5L');

INSERT INTO AUTOMOVIL (IDAUTOMOVIL, IDMODELO, ANIO, MOTOR) VALUES(12, 10, 2006, '4-1.8L');

INSERT INTO AUTOMOVIL (IDAUTOMOVIL, IDMODELO, ANIO, MOTOR) VALUES(13, 11, 2006, '4-1.6L');

INSERT INTO AUTOMOVIL (IDAUTOMOVIL, IDMODELO, ANIO, MOTOR) VALUES(14, 11, 2006, '4-1.8L');

INSERT INTO AUTOMOVIL (IDAUTOMOVIL, IDMODELO, ANIO, MOTOR) VALUES(15, 11, 2006, '4-1.8L');

INSERT INTO AUTOMOVIL (IDAUTOMOVIL, IDMODELO, ANIO, MOTOR) VALUES(16, 12, 2006, '4-2.5L');

INSERT INTO AUTOMOVIL (IDAUTOMOVIL, IDMODELO, ANIO, MOTOR) VALUES(17, 13, 2006, '4-1.9L');

INSERT INTO AUTOMOVIL (IDAUTOMOVIL, IDMODELO, ANIO, MOTOR) VALUES(18, 14, 2006, '4-2.0L');

INSERT INTO AUTOMOVIL (IDAUTOMOVIL, IDMODELO, ANIO, MOTOR) VALUES(19, 15, 2006, '4-1.9L');



INSERT INTO AUTO_ESTANDAR (IDAUTOMOVIL, IDESTANDAR) VALUES(1, 1);

INSERT INTO AUTO_ESTANDAR (IDAUTOMOVIL, IDESTANDAR) VALUES(1, 4);

INSERT INTO AUTO_ESTANDAR (IDAUTOMOVIL, IDESTANDAR) VALUES(1, 8);

INSERT INTO AUTO_ESTANDAR (IDAUTOMOVIL, IDESTANDAR) VALUES(1, 10);

INSERT INTO AUTO_ESTANDAR (IDAUTOMOVIL, IDESTANDAR) VALUES(2, 11);

INSERT INTO AUTO_ESTANDAR (IDAUTOMOVIL, IDESTANDAR) VALUES(2, 12);

INSERT INTO AUTO_ESTANDAR (IDAUTOMOVIL, IDESTANDAR) VALUES(2, 14);

INSERT INTO AUTO_ESTANDAR (IDAUTOMOVIL, IDESTANDAR) VALUES(2, 13);

INSERT INTO AUTO_ESTANDAR (IDAUTOMOVIL, IDESTANDAR) VALUES(3, 14);

INSERT INTO AUTO_ESTANDAR (IDAUTOMOVIL, IDESTANDAR) VALUES(3, 13);

INSERT INTO AUTO_ESTANDAR (IDAUTOMOVIL, IDESTANDAR) VALUES(4, 14);

INSERT INTO AUTO_ESTANDAR (IDAUTOMOVIL, IDESTANDAR) VALUES(4, 13);

INSERT INTO AUTO_ESTANDAR (IDAUTOMOVIL, IDESTANDAR) VALUES(5, 7);

INSERT INTO AUTO_ESTANDAR (IDAUTOMOVIL, IDESTANDAR) VALUES(5, 1);

INSERT INTO AUTO_ESTANDAR (IDAUTOMOVIL, IDESTANDAR) VALUES(5, 6);

INSERT INTO AUTO_ESTANDAR (IDAUTOMOVIL, IDESTANDAR) VALUES(5, 11);

INSERT INTO AUTO_ESTANDAR (IDAUTOMOVIL, IDESTANDAR) VALUES(6, 10);

INSERT INTO AUTO_ESTANDAR (IDAUTOMOVIL, IDESTANDAR) VALUES(6, 5);

INSERT INTO AUTO_ESTANDAR (IDAUTOMOVIL, IDESTANDAR) VALUES(6, 11);

INSERT INTO AUTO_ESTANDAR (IDAUTOMOVIL, IDESTANDAR) VALUES(6, 1);

INSERT INTO AUTO_ESTANDAR (IDAUTOMOVIL, IDESTANDAR) VALUES(7, 8);

INSERT INTO AUTO_ESTANDAR (IDAUTOMOVIL, IDESTANDAR) VALUES(7, 14);

INSERT INTO AUTO_ESTANDAR (IDAUTOMOVIL, IDESTANDAR) VALUES(7, 9);

INSERT INTO AUTO_ESTANDAR (IDAUTOMOVIL, IDESTANDAR) VALUES(7, 3);

INSERT INTO AUTO_ESTANDAR (IDAUTOMOVIL, IDESTANDAR) VALUES(8, 13);

INSERT INTO AUTO_ESTANDAR (IDAUTOMOVIL, IDESTANDAR) VALUES(8, 4);

INSERT INTO AUTO_ESTANDAR (IDAUTOMOVIL, IDESTANDAR) VALUES(8, 1);

INSERT INTO AUTO_ESTANDAR (IDAUTOMOVIL, IDESTANDAR) VALUES(8, 11);

INSERT INTO AUTO_ESTANDAR (IDAUTOMOVIL, IDESTANDAR) VALUES(9, 3);

INSERT INTO AUTO_ESTANDAR (IDAUTOMOVIL, IDESTANDAR) VALUES(9, 8);

INSERT INTO AUTO_ESTANDAR (IDAUTOMOVIL, IDESTANDAR) VALUES(9, 5);

INSERT INTO AUTO_ESTANDAR (IDAUTOMOVIL, IDESTANDAR) VALUES(10, 7);

INSERT INTO AUTO_ESTANDAR (IDAUTOMOVIL, IDESTANDAR) VALUES(10, 1);

INSERT INTO AUTO_ESTANDAR (IDAUTOMOVIL, IDESTANDAR) VALUES(10, 4);

INSERT INTO AUTO_ESTANDAR (IDAUTOMOVIL, IDESTANDAR) VALUES(10, 11);

INSERT INTO AUTO_ESTANDAR (IDAUTOMOVIL, IDESTANDAR) VALUES(11, 4);

INSERT INTO AUTO_ESTANDAR (IDAUTOMOVIL, IDESTANDAR) VALUES(11, 3);

INSERT INTO AUTO_ESTANDAR (IDAUTOMOVIL, IDESTANDAR) VALUES(11, 11);

INSERT INTO AUTO_ESTANDAR (IDAUTOMOVIL, IDESTANDAR) VALUES(11, 8);

INSERT INTO AUTO_ESTANDAR (IDAUTOMOVIL, IDESTANDAR) VALUES(12, 4);

INSERT INTO AUTO_ESTANDAR (IDAUTOMOVIL, IDESTANDAR) VALUES(12, 11);

INSERT INTO AUTO_ESTANDAR (IDAUTOMOVIL, IDESTANDAR) VALUES(12, 9);

INSERT INTO AUTO_ESTANDAR (IDAUTOMOVIL, IDESTANDAR) VALUES(12, 13);

INSERT INTO AUTO_ESTANDAR (IDAUTOMOVIL, IDESTANDAR) VALUES(13, 13);

INSERT INTO AUTO_ESTANDAR (IDAUTOMOVIL, IDESTANDAR) VALUES(13, 4);

INSERT INTO AUTO_ESTANDAR (IDAUTOMOVIL, IDESTANDAR) VALUES(13, 1);

INSERT INTO AUTO_ESTANDAR (IDAUTOMOVIL, IDESTANDAR) VALUES(13, 8);

INSERT INTO AUTO_ESTANDAR (IDAUTOMOVIL, IDESTANDAR) VALUES(14, 1);

INSERT INTO AUTO_ESTANDAR (IDAUTOMOVIL, IDESTANDAR) VALUES(14, 8);

INSERT INTO AUTO_ESTANDAR (IDAUTOMOVIL, IDESTANDAR) VALUES(15, 1);

INSERT INTO AUTO_ESTANDAR (IDAUTOMOVIL, IDESTANDAR) VALUES(15, 8);

INSERT INTO AUTO_ESTANDAR (IDAUTOMOVIL, IDESTANDAR) VALUES(16, 2);

INSERT INTO AUTO_ESTANDAR (IDAUTOMOVIL, IDESTANDAR) VALUES(16, 8);

INSERT INTO AUTO_ESTANDAR (IDAUTOMOVIL, IDESTANDAR) VALUES(16, 5);

INSERT INTO AUTO_ESTANDAR (IDAUTOMOVIL, IDESTANDAR) VALUES(16, 10);

INSERT INTO AUTO_ESTANDAR (IDAUTOMOVIL, IDESTANDAR) VALUES(17, 14);

INSERT INTO AUTO_ESTANDAR (IDAUTOMOVIL, IDESTANDAR) VALUES(17, 1);

INSERT INTO AUTO_ESTANDAR (IDAUTOMOVIL, IDESTANDAR) VALUES(17, 6);

INSERT INTO AUTO_ESTANDAR (IDAUTOMOVIL, IDESTANDAR) VALUES(17, 9);

INSERT INTO AUTO_ESTANDAR (IDAUTOMOVIL, IDESTANDAR) VALUES(18, 8);

INSERT INTO AUTO_ESTANDAR (IDAUTOMOVIL, IDESTANDAR) VALUES(18, 14);

INSERT INTO AUTO_ESTANDAR (IDAUTOMOVIL, IDESTANDAR) VALUES(18, 12);

INSERT INTO AUTO_ESTANDAR (IDAUTOMOVIL, IDESTANDAR) VALUES(18, 9);

INSERT INTO AUTO_ESTANDAR (IDAUTOMOVIL, IDESTANDAR) VALUES(19, 9);

INSERT INTO AUTO_ESTANDAR (IDAUTOMOVIL, IDESTANDAR) VALUES(19, 7);

INSERT INTO AUTO_ESTANDAR (IDAUTOMOVIL, IDESTANDAR) VALUES(19, 13);

INSERT INTO AUTO_ESTANDAR (IDAUTOMOVIL, IDESTANDAR) VALUES(19, 12);




SELECT IDCLIENTE ,RFC ,NOMBRE FROM CLIENTE;

SELECT P.IDPROVEEDOR ,P.RFC ,P.NOMBRE , CP.IDCONTACTO , CP.NOMBRE , CP.TELEFONO2 FROM PROVEEDOR P JOIN CONTACTO_PROVEEDOR CP ON P.IDPROVEEDOR =CP.IDPROVEEDOR ;

SELECT PROD.IDPRODUCTO ,PROD.IDGRUPO , PROD.MARCA ,PROD.CLAVE_EXTERNA, PROD.PRECIO, 
G.NOMBRE , G.LINEA, G.UNIDAD
FROM PRODUCTO PROD 
JOIN GRUPO G ON PROD.IDGRUPO = G.IDGRUPO ;

SELECT
PROD.IDPRODUCTO ,PROD.IDGRUPO , PROD.MARCA ,PROD.CLAVE_EXTERNA, PROD.PRECIO,
E.NOMBRE ,
AE.IDAUTOMOVIL ,
A.IDMODELO ,A.ANIO ,
M.NOMBRE ,M.FABRICANTE 
FROM PRODUCTO PROD 
JOIN ESTANDAR E ON PROD.IDESTANDAR =E.IDESTANDAR 
JOIN AUTO_ESTANDAR AE ON E.IDESTANDAR =AE.IDESTANDAR 
JOIN AUTOMOVIL A ON AE.IDAUTOMOVIL =A.IDAUTOMOVIL 
JOIN MODELO M ON A.IDMODELO =A.IDMODELO ;


select * from cliente;




SELECT 'CLIENTE' TABLA, COUNT(*) FROM  CLIENTE UNION 
SELECT 'PROVEEDOR' TABLA, COUNT(*) FROM  PROVEEDOR UNION
SELECT 'CONTACTO_PROVEEDOR' TABLA, COUNT(*) FROM  CONTACTO_PROVEEDOR UNION 
SELECT 'PRODUCTO' TABLA, COUNT(*) FROM  PRODUCTO UNION 
SELECT 'GRUPO' TABLA, COUNT(*) FROM  GRUPO UNION 
SELECT 'ESTANDAR' TABLA, COUNT(*) FROM  CLIENTE UNION 
SELECT 'AUTO_ESTANDAR' TABLA, COUNT(*) FROM  CLIENTE UNION 
SELECT 'AUTOMOVIL' TABLA, COUNT(*) FROM  CLIENTE UNION 
SELECT 'MODELO' TABLA, COUNT(*) FROM  CLIENTE ; 