--Enunciados SQL para crear tablas
CREATE TABLE PLATAFORMA (
IDPLATAFORMA INT NOT NULL,
PLATAFORMA VARCHAR(25) ,
PRIMARY KEY (IDPLATAFORMA)
);

CREATE TABLE CLASIFICACION (
IDCLASIFICACION INT NOT NULL,
CLASIFICACION VARCHAR(25),
DescCLASIFICACION VARCHAR(25),
PRIMARY KEY (IDCLASIFICACION)
);

CREATE TABLE TITULO (
IDTITULO INT NOT NULL,
Titulo VARCHAR(25),
IDCLASIFICACION INT NOT NULL,
PUBLISHER VARCHAR(25),
GENERO VARCHAR(25),
CONDICION VARCHAR(25),
PRECIO INT,
PRIMARY KEY (IDTITULO)
);

CREATE TABLE PLATAFORMATITULO (
IDPLATAFORMA INT NOT NULL,
IDTITULO INT NOT NULL,
PRIMARY KEY (IDTITULO, IDPLATAFORMA)
);


--Enunciado SQL para relacion foranea

ALTER TABLE TITULO
ADD CONSTRAINT titulo_fk
FOREIGN KEY (IDCLASIFICACION)
REFERENCES CLASIFICACION (IDCLASIFICACION);

ALTER TABLE PLATAFORMATITULO
ADD CONSTRAINT plataformaidtitulo_fk
FOREIGN KEY (IDTITULO)
REFERENCES TITULO (IDTITULO);

ALTER TABLE PLATAFORMATITULO
ADD CONSTRAINT idplataformatitulo_fk
FOREIGN KEY (IDPLATAFORMA)
REFERENCES PLATAFORMA (IDPLATAFORMA


--agregando datos a tabla PLATAFORMA
INSERT INTO PLATAFORMA (IDPLATAFORMA, PLATAFORMA) VALUES(1,'X360');
INSERT INTO PLATAFORMA (IDPLATAFORMA, PLATAFORMA) VALUES(2,'3DS');
INSERT INTO PLATAFORMA (IDPLATAFORMA, PLATAFORMA) VALUES(3,'PS3');
INSERT INTO PLATAFORMA (IDPLATAFORMA, PLATAFORMA) VALUES(4,'PS4');
INSERT INTO PLATAFORMA (IDPLATAFORMA, PLATAFORMA) VALUES(5,'PSV');
INSERT INTO PLATAFORMA (IDPLATAFORMA, PLATAFORMA) VALUES(6,'WIIU');
INSERT INTO PLATAFORMA (IDPLATAFORMA, PLATAFORMA) VALUES(7,'X360');
INSERT INTO PLATAFORMA (IDPLATAFORMA, PLATAFORMA) VALUES(8,'XONE');


INSERT INTO CLASIFICACION(IDCLASIFICACION, CLASIFICACION, DescCLASIFICACION) VALUES(1,'Everyone', 'niños');
INSERT INTO CLASIFICACION(IDCLASIFICACION, CLASIFICACION, DescCLASIFICACION) VALUES(2,'Teen', 'Adolescentes');
INSERT INTO CLASIFICACION(IDCLASIFICACION, CLASIFICACION, DescCLASIFICACION) VALUES(3,'Mature', 'Adultos');


INSERT INTO TITULO (IDTITULO, TITULO, IDCLASIFICACION, PUBLISHER, GENERO, CONDICION, PRECIO) VALUES (1, 'THE LEGO MOVIE VIDEOGAME', 1, 'WARNER BROS GAMES', 'Aventura', 'NUEVO', 799);
INSERT INTO TITULO (IDTITULO, TITULO, IDCLASIFICACION, PUBLISHER, GENERO, CONDICION, PRECIO) VALUES (2, 'Minecraft', 1, 'MOJANG', 'Estrategia', 'USADO', 260);
INSERT INTO TITULO (IDTITULO, TITULO, IDCLASIFICACION, PUBLISHER, GENERO, CONDICION, PRECIO) VALUES (3, 'CALL OF DUTY GHOSTS', 3, 'ACTIVISION', 'Disparos', 'NUEVO', 999);
INSERT INTO TITULO (IDTITULO, TITULO, IDCLASIFICACION, PUBLISHER, GENERO, CONDICION, PRECIO) VALUES (4, 'NEED FOR SPEED RIVALS', 2, 'ELECTRONIC ARTS', 'Vehículos', 'NUEVO', 999);
INSERT INTO TITULO (IDTITULO, TITULO, IDCLASIFICACION, PUBLISHER, GENERO, CONDICION, PRECIO) VALUES (5, 'MARIO PARTY ISLAND TOUR', 1, 'NINTENDO', 'Aventura', 'USADO', 680);
INSERT INTO TITULO (IDTITULO, TITULO, IDCLASIFICACION, PUBLISHER, GENERO, CONDICION, PRECIO) VALUES (6, 'INJUSTICE GODS AMONG US GOTY', 2, 'WARNER BROS GAMES', 'Peleas', 'USADO', 680);


INSERT INTO PLATAFORMATITULO (IDPLATAFORMA, IDTITULO) VALUES(1, 1);
INSERT INTO PLATAFORMATITULO (IDPLATAFORMA, IDTITULO) VALUES(3, 1);
INSERT INTO PLATAFORMATITULO (IDPLATAFORMA, IDTITULO) VALUES(6, 1);
INSERT INTO PLATAFORMATITULO (IDPLATAFORMA, IDTITULO) VALUES(5, 1);
INSERT INTO PLATAFORMATITULO (IDPLATAFORMA, IDTITULO) VALUES(2, 1);
INSERT INTO PLATAFORMATITULO (IDPLATAFORMA, IDTITULO) VALUES(4, 1);
INSERT INTO PLATAFORMATITULO (IDPLATAFORMA, IDTITULO) VALUES(1, 2);
INSERT INTO PLATAFORMATITULO (IDPLATAFORMA, IDTITULO) VALUES(4, 3);
INSERT INTO PLATAFORMATITULO (IDPLATAFORMA, IDTITULO) VALUES(8, 3);
INSERT INTO PLATAFORMATITULO (IDPLATAFORMA, IDTITULO) VALUES(4, 4);
INSERT INTO PLATAFORMATITULO (IDPLATAFORMA, IDTITULO) VALUES(8, 4);
INSERT INTO PLATAFORMATITULO (IDPLATAFORMA, IDTITULO) VALUES(1, 4);
INSERT INTO PLATAFORMATITULO (IDPLATAFORMA, IDTITULO) VALUES(3, 4);
INSERT INTO PLATAFORMATITULO (IDPLATAFORMA, IDTITULO) VALUES(2, 5);
INSERT INTO PLATAFORMATITULO (IDPLATAFORMA, IDTITULO) VALUES(5, 6);
INSERT INTO PLATAFORMATITULO (IDPLATAFORMA, IDTITULO) VALUES(3, 6);
INSERT INTO PLATAFORMATITULO (IDPLATAFORMA, IDTITULO) VALUES(1, 6);


select * from PLATAFORMA;
select * from CLASIFICACION;
select * from TITULO;
select * from PLATAFORMATITULO;





